№,Товарная группа,Бренд,Товар,Рынок/витрина,Страна,Валюта,Обычная цена,Цена со скидкой,Состав,Ценовой уровень,Статус товара,Почему важен,Источник,Дата среза,Ограничения
71,Кашемировый шарф,Joe Merino,Blue Label Merino Cashmere Scarf Navy Blue,NL,Нидерланды,Евро,130,,70% merino wool; 30% cashmere,,Уточнить,"Официальная NL карточка товара; отдельная модель Blue Label; цена, состав и размер раскрыты; вариантное состояние запаса зафиксировано дословно.","=HYPERLINK(""https://www.joemerino.com/nl_nl/blue-label-merino-cashmere-scarf-navy-blue/"";""Открыть ↗"")",16.09.2026,"Размер: 180 × 29 cm. НДС на странице: Incl.btw. Наличие на странице: One Size; PDP одновременно показывает In stock, Not in stock и Add to cart. Доставка: Бесплатная доставка; заказ до 23:00 отправляется в тот же день PostNL. Возврат: Бесплатный возврат; 100 дней."
72,Кашемировый шарф,REPEAT cashmere,Fine-Knit Cashmere Scarf with Ribbed Edges,NL,Нидерланды,Евро,149.95,,100% GOTS organic cashmere,,Нет в наличии,"Официальная карточка товара; article 700502-1025-0; цена, состав, размер и сервисные условия видны.","=HYPERLINK(""https://www.repeatcashmere.com/en/fine-knit-cashmere-scarf-with-ribbed-edges/700502-1025-0.html"";""Открыть ↗"")",16.09.2026,Размер: 40 × 175 cm. НДС на странице: (incl VAT). Наличие на странице: Unavailable / notify me; PDP также указывает изготовление под заказ. Доставка: Бесплатная доставка; 3–6 рабочих дней; изготовление под заказ — до 15 рабочих дней. Возврат: Возврат с небольшой комиссией; сумма не указана.
73,Кашемировый шарф,ARKET,Cashmere Scarf — Dark Blue,NL,Нидерланды,Евро,89,,100% cashmere,,В наличии,"Официальная NL карточка товара; style 1243055002; отдельная модель, отличная от ранее собранного style 1297089007.","=HYPERLINK(""https://www.arket.com/en-nl/product/cashmere-scarf-dark-blue-1243055002/"";""Открыть ↗"")",16.09.2026,Размер: 160 × 30 cm. НДС на странице: не указано. Наличие на странице: Add to bag. Доставка: не указано. Возврат: не указано.
74,Кашемировый шарф,Wólczanka,Szal z kaszmiru — kremowy,PL,Польша,Польский злотый,349.99,249.99,100% cashmere,,Уточнить,"Официальная PL карточка товара; код 0000JX4147; текущая и зачёркнутая цена, состав, размер и тарифы доставки раскрыты.","=HYPERLINK(""https://wolczanka.pl/kremowy-szal-w%C3%B3lczanka-57540-1"";""Открыть ↗"")",16.09.2026,Размер: 170 × 25 cm. НДС на странице: не указано. Наличие на странице: Tylko online. Доставка: Самовывоз в бутик 0 PLN; DPD Pickup 8.79 PLN; Orlen Paczka 8.99 PLN; DPD courier 12 PLN; InPost locker 13.99 PLN; InPost courier 14.99 PLN. Возврат: 30 дней.
75,Кашемировый шарф,Vistula,Kaszmirowy szal Eric — szary melanż,PL,Польша,Польский злотый,399.9,49.99,100% cashmere,,Нет в наличии,Официальная PL карточка товара; код 0000XZ9554; отдельная модель Eric; карточка товара явно помечена как недоступная.,"=HYPERLINK(""https://vistula.pl/kaszmirowy-szal-1"";""Открыть ↗"")",16.09.2026,Размер: 180 × 60 cm. НДС на странице: не указано. Наличие на странице: Produkt niedostępny. Доставка: Wysyłka w 48H; бутик 0 PLN; DPD Pickup 8.49 PLN; InPost locker 12.99 PLN; DPD courier 12 PLN; бесплатно в салон или от 499 PLN. Возврат: Бесплатный возврат; 30 дней.
76,Кашемировый шарф,Acne Studios,Cashmere Scarf — Black/White,SE,Швеция,Шведская крона,4600,,97% cashmere; 3% wool,,В наличии,"Официальная SE карточка товара; style CA0438-J83 / AC-UX-SCAR000013; североевропейского премиум-сегмента замена кандидата Soft Goat, чтобы не дублировать бренд в EXP-063.","=HYPERLINK(""https://www.acnestudios.com/se/en/ac-ux-scar000013/CA0438-J83.html"";""Открыть ↗"")",16.09.2026,Размер: 195 × 30 cm. НДС на странице: не указано. Наличие на странице: One size; Add to bag. Доставка: Бесплатная доставка; срок рассчитывается после ввода почтового индекса. Возврат: Бесплатный возврат с prepaid PostNord; возможен возврат в выбранные магазины.
77,Кашемировый шарф,Davida Cashmere,Scarf Fringes — Black,SE,Швеция,Шведская крона,2499,1250,100% cashmere,,В наличии,Официальная карточка товара; отдельная модель Scarf Fringes; цена со скидкой и обычная цена видны на карточка товара.,"=HYPERLINK(""https://davidacashmere.com/products/scarf-fringes-scarf-black"";""Открыть ↗"")",16.09.2026,Размер: 200 × 70 cm. НДС на странице: не указано. Наличие на странице: One Size; Add to cart. Доставка: Швеция 1–2 дня; EU 2–5 дней; бесплатная EU-доставка от €200. Возврат: не указано.
78,Кашемировый шарф,PURSCHOEN,Kaschmirschal Slim Galactic Bordo,DE,Германия,Евро,119,,85% cashmere; 13% lurex; 2% sequins,,Уточнить,"Официальная DE карточка товара; артикул 247021/4013/OS; цена, раскрытый blend и размер подтверждены; конфликтующие stock-сигналы сохранены в availability.","=HYPERLINK(""https://purschoen.de/products/kaschmirschal-slim-galactic-bordo-lurex-100-cashmere-purschoen"";""Открыть ↗"")",16.09.2026,Размер: 180 × 30 cm. НДС на странице: inkl. MwSt. zzgl. Versand. Наличие на странице: Add to cart; одновременно сообщение Selected quantity exceeds current stock. Доставка: не указано. Возврат: не указано.
79,Кашемировый шарф,Falconeri,Cashmere Scarf,BE,Бельгия,Евро,118,,100% cashmere,,В наличии,"Официальная BE карточка товара; код UZ00056. Индексированная карточка товара показывала €118, но повторное live-извлечение вернуло технический placeholder €0.00; цена требует ручной перепроверки.","=HYPERLINK(""https://www.falconeri.com/be/product/cashmere_scarf-UZ00056.html"";""Открыть ↗"")",16.09.2026,Качество подтверждения: частичное; причина указана в колонке «Почему важен». Размер: 180 × 30 cm. НДС на странице: не указано. Наличие на странице: Select size / Add to cart. Доставка: не указано. Возврат: Бесплатный возврат; 14 дней.
80,Кашемировый шарф,Johnstons of Elgin,Light Grey Cashmere Scarf,EU,ЕС,Евро,240,,100% cashmere,,Нет в наличии,"Официальная DE/EU карточка товара; артикул WA000016; цена, состав, размер и sold-out state подтверждены.","=HYPERLINK(""https://johnstonsofelgin.com/de-de/products/light-grey-cashmere-scarf"";""Открыть ↗"")",16.09.2026,Размер: 180 × 25 cm. НДС на странице: не указано. Наличие на странице: Sold out. Доставка: Бесплатная доставка всех онлайн-заказов. Возврат: 14 дней; персонализация/вышивка исключает возврат.
81,Кашемировый шарф,Loro Piana,Schal — Brown/Green Galles Mouliné,EU,ЕС,Евро,780,,100% cashmere,,В наличии,Официальная карточка DE/EU; товар FXM0131; отдельный артикул и верхний ориентир люксового сегмента.,"=HYPERLINK(""https://de.loropiana.com/de/herren/accessoires/schals/schal-FXM0131_F8NR.html"";""Открыть ↗"")",16.09.2026,Размер: 180 × 45 cm. НДС на странице: не указано. Наличие на странице: One size available; Add to cart. Доставка: Бесплатная доставка; DHL Express по Европе 3–5 рабочих дней. Возврат: Бесплатный возврат; 30 дней.
82,Шерстяной шарф,Joe Merino,Classic Scarf True Navy,NL,Нидерланды,Евро,60,,100% superfine merino wool; non-mulesed,,В наличии,"Официальная NL карточка товара; отдельная шерстяная модель Classic Scarf, не cashmere артикул из EXP-001.","=HYPERLINK(""https://www.joemerino.com/nl_nl/classic-scarf-true-navy/"";""Открыть ↗"")",16.09.2026,Размер: 180 × 30 cm. НДС на странице: Incl.btw. Наличие на странице: Add to cart / stock signal present. Доставка: Бесплатная доставка; заказ до 23:00 отправляется в тот же день PostNL. Возврат: Бесплатный возврат; 100 дней.
83,Шерстяной шарф,ARKET,Wool Scarf — Black,NL,Нидерланды,Евро,49,,100% wool,,В наличии,Официальная NL карточка товара; style 1260190004; отличается от ранее собранного style 1260190001.,"=HYPERLINK(""https://www.arket.com/en-nl/product/wool-scarf-black-1260190004/"";""Открыть ↗"")",16.09.2026,Размер: 190 × 30 cm. НДС на странице: не указано. Наличие на странице: Add to bag. Доставка: не указано. Возврат: не указано.
84,Шерстяной шарф,REPEAT cashmere,Warme kabelsjaal van merinowol,NL,Нидерланды,Евро,139.95,89.95,100% merino wool,,Нет в наличии,Официальная NL карточка товара; article 700297-1025-0; отдельная merino модель с текущей и обычная цена.,"=HYPERLINK(""https://www.repeatcashmere.com/nl/warme-kabelsjaal-van-merinowol---een-maat-comfort/700297-1025-0.html"";""Открыть ↗"")",16.09.2026,Размер: 200 × 25 cm. НДС на странице: incl BTW. Наличие на странице: Unavailable / notify me; PDP также указывает изготовление под заказ. Доставка: Бесплатная доставка; 3–6 рабочих дней; изготовление под заказ — до 15 рабочих дней. Возврат: Возврат с небольшой комиссией; сумма не указана.
85,Шерстяной шарф,Wólczanka,Wełniany szal w prążki — czarny,PL,Польша,Польский злотый,249.99,129.99,100% merino wool,,Уточнить,Официальная PL карточка товара; код 0000JX5568; противоречивые online/store stock-сигналы сохранены без интерпретации.,"=HYPERLINK(""https://wolczanka.pl/czarny-szal-wolczanka-63024-1"";""Открыть ↗"")",16.09.2026,Размер: 180 × 30 cm. НДС на странице: не указано. Наличие на странице: Universal; notify signal; dostępność w butikach; tylko online. Доставка: Бутик 0 PLN; DPD Pickup 8.49 PLN; DPD courier 12 PLN; InPost locker 13.99 PLN. Возврат: 30 дней.
86,Шерстяной шарф,COS,Ribbed Wool Scarf,PL,Польша,Польский злотый,325,180,100% RWS wool,,В наличии,"Официальная PL карточка товара COS на домене группы H&M; style 1315398001; замена массового сегмента кандидата Reserved; цена, обычная цена, состав и размер подтверждены.","=HYPERLINK(""https://www2.hm.com/pl_pl/productpage.1315398001.html"";""Открыть ↗"")",16.09.2026,Размер: 180 × 25.5 cm. НДС на странице: не указано. Наличие на странице: Add to cart. Доставка: не указано. Возврат: не указано.
87,Шерстяной шарф,Filippa K,Merino Check Scarf — Brown Check,SE,Швеция,Шведская крона,1400,,100% wool; mulesing-free merino,,В наличии,Официальная SE карточка товара; article 32627-0399-ONE-S; отдельная шерстяная модель.,"=HYPERLINK(""https://www.filippa-k.com/se/en/merino-check-scarf/32627-0399.html"";""Открыть ↗"")",16.09.2026,Размер: 190 × 50 cm. НДС на странице: не указано. Наличие на странице: ONE-S; Add to bag. Доставка: Бесплатная доставка для участников; 1–3 дня. Возврат: 14 дней; комиссия 40 SEK; возврат в магазин бесплатно.
88,Шерстяной шарф,Acne Studios,"Fringe Wool Scarf — Narrow, Light Grey Melange",SE,Швеция,Шведская крона,2100,,100% RWS wool,,В наличии,Официальная SE карточка товара; style CA0210-X92 / FN-UX-SCAR000218; отдельная wool модель.,"=HYPERLINK(""https://www.acnestudios.com/se/en/fringe-wool-scarf---narrow-light-grey-melange/CA0210-X92.html"";""Открыть ↗"")",16.09.2026,Размер: 200 × 45 cm including fringes; fringe ≈10 cm. НДС на странице: не указано. Наличие на странице: One size; Add to bag. Доставка: Бесплатная доставка; срок рассчитывается после ввода почтового индекса. Возврат: Бесплатный возврат с prepaid PostNord; возможен возврат в выбранные магазины.
89,Шерстяной шарф,Lapuan Kankurit,SAANA Wool Scarf — Dark Grey,FI,Финляндия,Евро,119,,100% merino wool,,В наличии,Официальная FI карточка товара; code 100739; Nordic design замена поискового seed MATKA; все обязательные product gates раскрыты.,"=HYPERLINK(""https://lapuankankurit.fi/shop/home-you/shawls-scarves/saana-wool-scarf-dark-grey-70-x-220-cm-fringes/"";""Открыть ↗"")",16.09.2026,Размер: 220 × 70 cm plus fringes; 0.38 kg. НДС на странице: inc. VAT. Наличие на странице: Add to cart; few left in Lapua and Helsinki stores. Доставка: Delivery time less than 7 days; порог бесплатной доставки не указан. Возврат: не указано.
90,Шерстяной шарф,Mads Nørgaard,NPS Scarf Wool — Red/Ecru,DK,Дания,Датская крона,350,,100% wool,,В наличии,Официальная DK карточка товара; style 102040; Nordic design замена seed Silkeborg; обе размерные версии раскрыты.,"=HYPERLINK(""https://www.madsnorgaard.dk/products/nps-scarf-wool-red-ecru"";""Открыть ↗"")",16.09.2026,Размер: Size 1: 145 × 31 cm; Size 2: 205 × 68 cm. НДС на странице: не указано. Наличие на странице: Sizes 1 and 2; Add to cart. Доставка: 1–3 рабочих дня; бесплатно в parcel shop от 799 DKK. Возврат: Return portal; срок не указан.
91,Шерстяной шарф,Johnstons of Elgin,Ethie Navy & Lime Wool Scarf,EU,ЕС,Евро,225,,100% lightweight wool,,Нет в наличии,Официальная DE/EU карточка товара; артикул WD001986; отдельная wool модель.,"=HYPERLINK(""https://johnstonsofelgin.com/de-de/products/ethie-navy-lime-wool-scarf"";""Открыть ↗"")",16.09.2026,Размер: 180 × 70 cm. НДС на странице: не указано. Наличие на странице: Sold out. Доставка: Бесплатная доставка всех онлайн-заказов. Возврат: 14 дней; персонализация исключает возврат.
92,Шерстяной шарф,Begg x Co,Bernard Dark Natural Cashmere Lambswool Knitted Scarf,EU,ЕС,Фунт стерлингов,495,,56% cashmere; 44% lambswool,,В наличии,Официальная карточка товара; luxury anchor; раскрытый cashmere/lambswool blend и размер соответствуют gate.,"=HYPERLINK(""https://www.beggxco.com/products/bernard-dark-natural-cashmere-lambswool-knitted-scarf"";""Открыть ↗"")",16.09.2026,"Размер: 190 × 22 cm. НДС на странице: не указано. Наличие на странице: Add to bag. Доставка: Отправка 2–4 рабочих дня; бесплатная UK-доставка; EU delivered DDP без пошлин, тарифов и import fees. Возврат: 14 дней; персонализированные/монограммированные изделия и носки не возвращаются."
93,Шерстяные носки,DILLING,Heren Wandelsokken Merinowol – wollen terry (PG-1760-0100-120),NL,Нидерланды,Евро,26.99,,68% органическая мериносовая шерсть; 12% полиэстер; 14% полиамид; 6% эластан,,В наличии,"[2026-09-16] Официальная карточка товара: отдельный артикул PG-1760-0100-120, цена, состав, размерный ряд и 1 stk; не является ранее зафиксированным PG-1700-0300-999.","=HYPERLINK(""https://www.dilling.nl/product/heren-wandelsokken-merinowol-wollen-terry-pg-1760-0100-120"";""Открыть ↗"")",16.09.2026,Размер: 39/42; 43/46; 47/50; единица продажи 1 stk. НДС на странице: Incl. BTW. Наличие на странице: Доступно к добавлению в корзину. Доставка: 2–4 рабочих дня из Дании; доставка от €4; бесплатно от €79. Возврат: 100 дней.
94,Шерстяные носки,FALKE,Airport Plus Heren Sokken (14403_3080),NL,Нидерланды,Евро,21,,53% scheerwol; 27% katoen; 20% polyamide; снаружи мериносовая шерсть,,В наличии,"[2026-09-16] Официальная NL карточка товара: отдельный артикул 14403_3080, цена, состав и размеры; не дубль Softmerino 47488_3009.","=HYPERLINK(""https://www.falke.com/nl_nl/p/airport-plus-heren-sokken/14403_3080/"";""Открыть ↗"")",16.09.2026,"Размер: 39–40; 41–42; количество 1. НДС на странице: Incl. btw, excl. verzendkosten. Наличие на странице: Доступно к добавлению в корзину; для персонализированной версии покупка после выбора опций. Доставка: 2–4 рабочих дня; €5.90; бесплатно от €49; персонализация добавляет 2–3 рабочих дня. Возврат: Бесплатный возврат в течение 14 дней."
95,Шерстяные носки,Meindl,MT7 Wandelsok (B22DAB0229),NL,Нидерланды,Евро,25.95,,39% мериносовая шерсть; 39% акрил; 19% полиамид; 3% эластан,,В наличии,"[2026-09-16] Официальная товарная карточка товара ритейлера Bever: отдельный артикул B22DAB0229, цена, состав и размерный ряд; multipack не заявлен.","=HYPERLINK(""https://www.bever.nl/p/meindl-mt7-wandelsok-B22DAB0229.html"";""Открыть ↗"")",16.09.2026,Размер: EU 39–41; 42–44; 45–47. НДС на странице: не указано. Наличие на странице: Размеры доступны для выбора; срок показывается после выбора размера. Доставка: €3.95 при заказе до €50; бесплатно от €50; самовывоз из магазина бесплатно. Возврат: 30 дней; возврат в магазин бесплатно или PostNL €4.95.
96,Шерстяные носки,Brubeck,Skarpety krótkie unisex MERINO WOOL (SC3003),PL,Польша,Польский злотый,27.99,,75% wełna merino; 17% polipropylen z jonami srebra; 4% elastan; 3% poliamid; 1% polipropylen,,В наличии,"[2026-09-16] Официальная карточка товара Brubeck: модель SC3003, цена 27.99 PLN, раскрытый состав, четыре размера и одна пара.","=HYPERLINK(""https://brubeck.pl/produkt/skarpety-krotkie-unisex-merino-wool/"";""Открыть ↗"")",16.09.2026,Размер: S 36–38; M 39–41; L 42–44; XL 45–47; 1 пара. НДС на странице: не указано. Наличие на странице: Доступно к добавлению в корзину. Доставка: Бесплатная доставка от 300 PLN; срок не указан. Возврат: 14 дней.
97,Шерстяные носки,Paterns,Skarpetki stopki merino czarne,PL,Польша,Польский злотый,59,,90% wełna merino; 8% poliamid; 2% elastan по разделу состава; заголовочный блок одновременно заявляет 100% merino,,В наличии,"[2026-09-16] На официальной карточка товара есть внутреннее противоречие: hero-блок говорит 100% merino, технический состав — 90/8/2; в карточку перенесён детальный состав. Минимальная цена за 30 дней также 59 PLN, поэтому отдельной обычная цена нет.","=HYPERLINK(""https://paterns.com/p/skarpetki-stopki-merino-czarne/"";""Открыть ↗"")",16.09.2026,Качество подтверждения: частичное; причина указана в колонке «Почему важен». Размер: 35–38; 39–41; 42–44; 45–47; отдельная пара. НДС на странице: не указано. Наличие на странице: Доступно к добавлению в корзину. Доставка: Бесплатная доставка; ожидаемая отправка/доставка 2 рабочих дня. Возврат: 14 дней.
98,Шерстяные носки,Woolpower,Socks 400 Black (FS30344; supplier 8414),SE,Швеция,Шведская крона,220,,64% merinoull; 32% polyamid; 4% elastan,,В наличии,"[2026-09-16] Официальная карточка товара ритейлера Outnorth: отдельная новая модель Woolpower Socks 400, артикул FS30344/8414, цена, состав и размер; не дубль Socks Liner Classic.","=HYPERLINK(""https://www.outnorth.com/se/varumarken/woolpower/socks-400-4627-FS30344"";""Открыть ↗"")",16.09.2026,"Размер: 36–39; отдельный SKU, multipack не заявлен. НДС на странице: не указано. Наличие на странице: Размер 36–39 доступен к добавлению в корзину. Доставка: 2–4 дня; PostNord pickup 49 SEK; бесплатно от 699 SEK. Возврат: 30 дней; возвратный сбор 29 SEK."
99,Шерстяные носки,Fjällräven,Fjällräven Quarter Wool Sock,SE,Швеция,Шведская крона,399,,70% wool; 15% polyamide; 15% elastane,,Нет в наличии,"[2026-09-16] Официальная SE карточка товара показывает цену, состав и статус отсутствия; размерный ряд взят из официальной таблицы размеров Fjällräven для носков.","=HYPERLINK(""https://www.fjallraven.com/se/sv-se/dam/accessoarer/ovriga-accessoarer/fjallraven-quarter-wool-sock-19d5652a/"";""Открыть ↗"")",16.09.2026,Размер: S 36–38; M 39–41; L 42–44; XL 45–47. НДС на странице: Priserna online omfattar lagstadgad moms. Наличие на странице: Kommer snart; Ej i lager. Доставка: PostNord 69 SEK; бесплатно при заказе свыше 1000 SEK; 4–6 рабочих дней. Возврат: 30 дней.
100,Шерстяные носки,Danish Endurance,"LIGHT CREW VANDRESTRØMPER (1-Pak, sort, variant 40944621813819)",DK,Дания,Датская крона,165,120,38% merinould; 30% akryl; 30% polyamid; 2% elastan,,В наличии,"[2026-09-16] Официальная DK карточка товара: цена продажи 120 DKK против 165 DKK, состав, диапазоны размеров и упаковка 1-Pak; ссылка фиксирует конкретный вариант.","=HYPERLINK(""https://danishendurance.com/da-dk/products/merinould-vandrestroemper-light?variant=40944621813819"";""Открыть ↗"")",16.09.2026,"Размер: 31–34 (waitlist); 35–38; 39–42; 43–47; 48–51; 1-pack. НДС на странице: Inkl. moms. Наличие на странице: På lager, klar til afsendelse; 31–34 в waitlist. Доставка: 49 DKK; бесплатно от 699 DKK; отправка на следующий рабочий день, обычно 1–2 рабочих дня по Дании. Возврат: 30 дней; возврат 39 DKK; обмен на тот же товар бесплатный."
101,Шерстяные носки,Sukkamestarit,"Peko – pihkasukat, merinovillaa (9339-155-35-38)",FI,Финляндия,Евро,20.15,15.11,48% NATIVA merinovilla; 31% polyamidi; 20% Prexelent mäntypolyamidi; 1% elastaani,,Уточнить,"[2026-09-16] Официальная карточка товара: текущая цена €15.11, regular €20.15, минимальная цена за 30 дней €12.09; состав и полный размерный ряд раскрыты.","=HYPERLINK(""https://sukkamestarit.com/products/peko"";""Открыть ↗"")",16.09.2026,Размер: 35–38; 39–42; 43–46; 47–50. НДС на странице: не указано. Наличие на странице: Зависит от варианта; на PDP присутствуют действия добавления в корзину и уведомления о поступлении. Доставка: 1–4 рабочих дня; от €5; бесплатно от €50; доставка домой от €10 и бесплатно от €100. Возврат: 14 дней.
102,Шерстяные носки,FALKE,"Walkie Light Unisex Bootsocken, black (16486_3000)",DE,Германия,Евро,21,,66% Schurwolle; 34% Polyamid; заявлена мериносовая шерсть,,В наличии,"[2026-09-16] Официальная DE карточка товара: отдельная модель и артикул 16486_3000, цена, состав и полный размерный ряд; не дубль Softmerino 47488_3009.","=HYPERLINK(""https://www.falke.com/de_de/p/walkie-light-unisex-bootsocken/16486_3000/"";""Открыть ↗"")",16.09.2026,Размер: 35–36; 37–38; 39–41; 42–43; 44–45; 46–48; количество 1. НДС на странице: inkl. MwSt. zzgl. Versand. Наличие на странице: Доступно к добавлению в корзину после выбора размера/опций. Доставка: 1–2 рабочих дня; €3.90; бесплатно от €49; вышивка добавляет 2–3 рабочих дня. Возврат: Бесплатный возврат в течение 14 дней.
103,Шерстяные носки,Aclima,Trekking Socks Jet Black (103981_103981-123),EU,ЕС,Евро,30,,70% merino wool; 28% polyamide; 2% elastane,,Уточнить,"[2026-09-16] Официальная EUR карточка товара: отдельный артикул, цена, состав и три диапазона размеров. Статус наличия и точные параметры платной доставки на странице не раскрыты; не дубль ранее собранных Devold артикул.","=HYPERLINK(""https://www.aclima.com/de-de/p/trekking-socks-jet-black"";""Открыть ↗"")",16.09.2026,"Качество подтверждения: частичное; причина указана в колонке «Почему важен». Размер: 36–39; 40–43; 44–48; отдельный SKU, multipack не заявлен. НДС на странице: не указано. Наличие на странице: Размеры показаны в селекторе; явный текст наличия/кнопка корзины не зафиксированы. Доставка: Заявлена быстрая гибкая доставка; бесплатно от €150; точная стоимость и срок не указаны. Возврат: 30 дней."
104,Плед из яка,Ritter Decken,Himalaya Yakdecke — Dunkelbraun / 150 x 200 cm (SKU 1432),DE,Германия,Евро,369,,100% Yak auf Schurwollkette: ворс/поверхность 100% як на основе из новой шерсти,,В наличии,"Официальный карточка товара и данные выбранного варианта 44320578076989 подтверждают артикул 1432, цену, наличие и вес; формулировка конструкции сохранена, чтобы не выдавать основу из шерсти за як.","=HYPERLINK(""https://ritter-decken.de/products/himalaya-yakdecke?variant=44320578076989"";""Открыть ↗"")",16.09.2026,Размер: 150 x 200 cm. Масса/плотность: 1280 g; 400 g/m². НДС на странице: inkl. MwSt.. Наличие на странице: В наличии; выбранный вариант available=true. Доставка: 1–3 Werktage; бесплатная доставка по Германии от 100 EUR. Возврат: 14 дней; обратную доставку оплачивает покупатель.
105,Плед из яка,Wohnen & Accessoires,Sehr weiche Wolldecke Yak — Braun / 150 x 200 cm,DE,Германия,Евро,451.9,377.9,100% Yakwolle,,В наличии,"Официальный карточка товара ритейлера показывает отдельный размер 150 x 200 cm, цену со скидкой, прежнюю цену, состав, массу и плотность.","=HYPERLINK(""https://www.wolldecken-tagesdecken.de/sehr-weiche-wolldecke-yak-100-yakwolle-in-farbe-braun-von-groesse-75x100cm-150x220cm.html"";""Открыть ↗"")",16.09.2026,Размер: 150 x 200 cm. Масса/плотность: ca. 1500 g; 500 g/m². НДС на странице: inkl. MwSt. zzgl. Versandkosten. Наличие на странице: Доступна для заказа. Доставка: Срок на PDP не указан; бесплатная доставка DE/AT от 200 EUR. Возврат: Бесплатный возврат до 1 месяца; возвратная этикетка только для Германии.
106,Плед из яка,LaModula,Wolldecke Mia aus Yakwolle — 150 x 200 cm,DE,Германия,Евро,341,,100% Yakhaar / Yakwolle,,В наличии,"Официальный карточка товара бренда прямо раскрывает 100% yak, размер, массу, плотность, цену и срок поставки.","=HYPERLINK(""https://www.lamodula.de/kuscheldecke-mia"";""Открыть ↗"")",16.09.2026,"Размер: 150 x 200 cm. Масса/плотность: 1550 g; 520 g/m². НДС на странице: inkl. 19% MwSt.. Наличие на странице: Доступна для заказа. Доставка: 5–7 Werktage; бесплатная доставка по Германии, Австрии и Италии. Возврат: PDP исключает выбранное/индивидуальное изделие из добровольной 6-недельной гарантии возврата; иные условия не указаны на PDP."
107,Плед из яка,Steinbeck,Altai Wolldecke — Braun / 150 x 200 cm (Art. 306778),DE,Германия,Евро,413.5,279,50% Yak / 50% Lammwolle,,В наличии,"Официальный карточка товара ритейлера и данные варианта подтверждают состав, артикул, цену 279 EUR, compare-at 413.50 EUR, размер, массу и наличие.","=HYPERLINK(""https://www.oeko-planet.com/products/steinbeck-altai-wolldecke-aus-lammwolle-yakhaare"";""Открыть ↗"")",16.09.2026,Размер: 150 x 200 cm. Масса/плотность: ca. 1500 g. НДС на странице: inkl. MwSt. zzgl. Versandkosten. Наличие на странице: Sofort verfügbar; выбранный вариант available=true. Доставка: 1–3 Werktage; бесплатная доставка по Германии от 50 EUR. Возврат: 14 дней; бесплатный возврат внутри Германии.
108,Плед из яка,Yumeko,Deken yak wol dark brown (SKU E201),NL,Нидерланды,Евро,369,,100% gekamde yakwol,,В наличии,"Официальный NL карточка товара бренда раскрывает артикул E201, 100% yak, размер, массу/плотность и цену.","=HYPERLINK(""https://www.yumeko.nl/deken-yak-wol-dark-brown"";""Открыть ↗"")",16.09.2026,"Размер: ca. 150 x 200 cm. Масса/плотность: ca. 1500 g; 500 g/m². НДС на странице: не указано на PDP. Наличие на странице: Доступна для заказа. Доставка: В будни до 17:00 отправка в тот же день; обычно 1 рабочий день; бесплатно от 49.95 EUR, иначе 4.90 EUR. Возврат: Бесплатный возврат в течение 30 дней; изделие должно быть неиспользованным и нестиранным."
109,Плед из яка,Brun de Vian-Tiran (retailer Deken.nl),Plaid Yaka — Brun naturel (SKU DKN40),NL,Нидерланды,Евро,458,,95% yack / 5% cachemire de Chine,,В наличии,"Официальный карточка товара ритейлера подтверждает конкретный артикул, цену, состав, плотность и наличие, но сам себе противоречит по размеру (140 x 200 и 140 x 180 cm).","=HYPERLINK(""https://deken.nl/product/plaid-yaka/"";""Открыть ↗"")",16.09.2026,"Качество подтверждения: частичное; причина указана в колонке «Почему важен». Размер: 140 x 200 cm в описании; 140 x 180 cm в характеристиках. Масса/плотность: ca. 230 g/m². НДС на странице: prijzen inclusief 21% BTW. Наличие на странице: В наличии; вариант Brun naturel доступен. Доставка: 5–10 рабочих дней; бесплатная доставка по Нидерландам свыше 50 EUR, иначе 4.95 EUR. Возврат: 14 рабочих дней; прямую стоимость возврата оплачивает покупатель."
110,Плед из яка,NURA WOOL,Handgemaakte wollen plaid zand beige (product 387),NL,Нидерланды,Евро,69,,70% yak wool / 30% cotton,,В наличии,"Официальный NL карточка товара бренда прямо показывает долю яка, хлопка, размер, вес, цену и остаток 19 шт.","=HYPERLINK(""https://nurawool.nl/product/handgemaakte-wollen-plaid/"";""Открыть ↗"")",16.09.2026,Размер: 240 x 120 cm. Масса/плотность: 550 g. НДС на странице: prijzen inclusief btw. Наличие на странице: 19 op voorraad. Доставка: Срок не указан; бесплатная доставка NL от 100 EUR / BE от 120 EUR. Возврат: Уведомление о возврате в течение 14 дней после получения и ещё 14 дней на отправку; обратную доставку оплачивает покупатель.
111,Плед из яка,BODIO’S (retailer Mongolian.pl),Koc z wełny jaka w kratkę (indeks 1404bb),PL,Польша,Польский злотый,2310,,100% wełna z jaka,,В наличии,"Официальный карточка товара ритейлера подтверждает уникальный индекс 1404bb, 100% yak, размер, PLN-цену и наличие; обязательный для yak-слота вес не раскрыт.","=HYPERLINK(""https://mongolian.pl/koce-i-pledy/koc-z-welny-jaka-w-kratke-2336"";""Открыть ↗"")",16.09.2026,"Качество подтверждения: частичное; причина указана в колонке «Почему важен». Размер: 150 x 200 cm. Масса/плотность: не указано. НДС на странице: не указано на PDP. Наличие на странице: В наличии; schema InStock и активное добавление в корзину. Доставка: Отправка до 24 часов, доставка до 2 рабочих дней; бесплатно от 300 PLN. Возврат: 30 дней; бесплатный возврат."
112,Плед из яка,BODIO’S (retailer Mongolian.pl),Koc z wełny jaka w dużą kratę (indeks 1404bc),PL,Польша,Польский злотый,1650,,100% wełna z jaka,,В наличии,"Официальный карточка товара ритейлера подтверждает уникальный индекс 1404bc, 100% yak, размер, PLN-цену и наличие; обязательный для yak-слота вес не раскрыт.","=HYPERLINK(""https://mongolian.pl/koce-i-pledy/koc-z-welny-jaka-w-duza-krate-2337"";""Открыть ↗"")",16.09.2026,"Качество подтверждения: частичное; причина указана в колонке «Почему важен». Размер: 150 x 200 cm. Масса/плотность: не указано. НДС на странице: не указано на PDP. Наличие на странице: В наличии; schema InStock и активное добавление в корзину. Доставка: Отправка до 24 часов, доставка до 2 рабочих дней; бесплатно от 300 PLN. Возврат: 30 дней; бесплатный возврат."
113,Плед из яка,Kinship Collective × Noble Fibre,Yak Throw — Espresso (SKU NF-YB01-D),SE,Швеция,Шведская крона,2900,,100% handwoven yak wool,,В наличии,"Официальный шведский DTC карточка товара (Kinship Collective AB) подтверждает артикул NF-YB01-D, 100% yak, размер, цену в SEK и остаток; обязательный вес не раскрыт.","=HYPERLINK(""https://kinship-collective.com/products/throw-90-x-180"";""Открыть ↗"")",16.09.2026,Качество подтверждения: частичное; причина указана в колонке «Почему важен». Размер: 127 x 203 cm. Масса/плотность: не указано. НДС на странице: all prices include VAT. Наличие на странице: Только 2 шт. в наличии. Доставка: Бесплатная доставка по Швеции; срок не указан. Возврат: Уведомление в течение 14 рабочих дней; обратную доставку оплачивает покупатель.
114,Плед из яка,Kinship Collective × Noble Fibre,Yak Throw — Natural Brown (SKU NF-YB02-D),SE,Швеция,Шведская крона,2900,,100% handwoven yak wool,,Нет в наличии,"Официальный шведский DTC карточка товара (Kinship Collective AB) подтверждает отдельный артикул NF-YB02-D, 100% yak, размер, SEK-цену и нулевой остаток; обязательный вес не раскрыт.","=HYPERLINK(""https://kinship-collective.com/collections/blankets/products/yak-blanket-natural-brown-90-x-180cm"";""Открыть ↗"")",16.09.2026,Качество подтверждения: частичное; причина указана в колонке «Почему важен». Размер: 127 x 203 cm. Масса/плотность: не указано. НДС на странице: all prices include VAT. Наличие на странице: Распродано; 0 шт.. Доставка: Бесплатная доставка по Швеции; срок не указан. Возврат: Уведомление в течение 14 рабочих дней; обратную доставку оплачивает покупатель.
115,Другие пледы,Ritter Decken,Karlsbad Schurwolldecke (Merinowolle) — Creme / 150 x 200 cm (SKU 1962),DE,Германия,Евро,229,,100% Schurwolle; mulesing-free Australian Merino-Schurwolle,,В наличии,"Официальный карточка товара и данные варианта 44909414154557 подтверждают артикул 1962, состав, цену, наличие и массу именно размера 150 x 200 cm.","=HYPERLINK(""https://ritter-decken.de/products/karlsbad-schurwolldecke-merinowolle-1?variant=44909414154557"";""Открыть ↗"")",16.09.2026,Размер: 150 x 200 cm. Масса/плотность: 1280 g; 427 g/m². НДС на странице: inkl. MwSt.. Наличие на странице: В наличии; выбранный вариант available=true. Доставка: 1–3 Werktage; бесплатная доставка по Германии от 100 EUR. Возврат: 14 дней; обратную доставку оплачивает покупатель.
116,Другие пледы,Lodenwalker / Jörg Steiner,Virgin Wool Blanket Classic — Sage/sand / 200 x 150 cm (SKU SW10288.2),DE,Германия,Евро,222,,100% new wool; edging 100% new wool,,В наличии,"Официальный карточка товара бренда раскрывает отдельный артикул, 100% new wool, размер, линейную массу, EUR-цену и наличие.","=HYPERLINK(""https://lodenwalker.com/en/New-Wool-Blanket-Classic/SW10288.2"";""Открыть ↗"")",16.09.2026,Размер: ca. 200 x 150 cm. Масса/плотность: ca. 850 g per linear metre. НДС на странице: Prices incl. VAT plus shipping costs. Наличие на странице: Available. Доставка: 1–3 days; бесплатно AT/DE при заказе свыше 200 EUR. Возврат: 14 дней; прямую стоимость возврата оплачивает покупатель.
117,Другие пледы,URBANARA,Merinodecke Raiana — Beige & Natur,DE,Германия,Евро,149,,100% Merinowolle,,Нет в наличии,"Официальный карточка товара бренда подтверждает отдельную модель, 100% merino, размер, плотность, цену и статус sold out.","=HYPERLINK(""https://www.urbanara.de/products/decke-beige-natur-merino-raiana"";""Открыть ↗"")",16.09.2026,Размер: 130 x 175 cm. Масса/плотность: 190 g/m². НДС на странице: inkl. MwSt.. Наличие на странице: Ausverkauft. Доставка: Срок не указан; бесплатная доставка по Германии от 200 EUR. Возврат: 30 дней.
118,Другие пледы,HAY,Duo Throw W130 x L180 Mint,NL,Нидерланды,Евро,119,,100% wool,,В наличии,"Официальный NL карточка товара бренда подтверждает конкретный цвет Mint, 100% wool, размер, цену и наличие.","=HYPERLINK(""https://www.hay.nl/duo-throw-mint"";""Открыть ↗"")",16.09.2026,Размер: 130 x 180 cm. Масса/плотность: не указано. НДС на странице: terms: price includes all taxes; на PDP отдельной VAT-метки нет. Наличие на странице: In stock. Доставка: PostNL/DHL; срок не указан; бесплатная стандартная доставка NL от 50 EUR. Возврат: 14 дней; обратную доставку оплачивает покупатель (ориентир NL-посылки 6.95 EUR).
119,Другие пледы,Belpo (retailer Texelana),Belpo Tartan blanket — Dark maple (SKU/EAN 7446046525504),NL,Нидерланды,Евро,79.99,,100% recycled wool,,В наличии,"Официальный карточка товара ритейлера и данные выбранного варианта подтверждают уникальный EAN, цену и наличие Dark maple; состав, размер и масса раскрыты на карточке.","=HYPERLINK(""https://www.texelana.nl/collections/wollen-plaids/products/belpo-tartan-wollen-plaid?variant=50608738566462"";""Открыть ↗"")",16.09.2026,"Размер: 150 x 180 cm. Масса/плотность: ca. 1100 g. НДС на странице: Inclusief belasting. Наличие на странице: В наличии; выбранный вариант 50608738566462 available=true. Доставка: NL 5.95 EUR, бесплатного порога не указано; до 10:00 в будни отправка в тот же день, иногда +1–2 дня; DHL обычно 24 часа. Возврат: 30 дней; обратную доставку оплачивает покупатель (бесплатная этикетка только при возврате на gift card свыше 30 EUR)."
120,Другие пледы,Yumeko,Merinowollen deken grey melange 150 x 210 (SKU E938),NL,Нидерланды,Евро,219,,100% merino scheerwol,,В наличии,"Официальный NL карточка товара бренда раскрывает артикул E938, 100% merino virgin wool, размер, плотность и цену.","=HYPERLINK(""https://www.yumeko.nl/deken-merino-wol-grey-melange-150x210"";""Открыть ↗"")",16.09.2026,"Размер: 150 x 210 cm. Масса/плотность: 445 g/m². НДС на странице: не указано на PDP. Наличие на странице: Доступна для заказа. Доставка: В будни до 17:00 отправка в тот же день; обычно 1 рабочий день; бесплатно от 49.95 EUR, иначе 4.90 EUR. Возврат: Бесплатный возврат в течение 30 дней; изделие должно быть неиспользованным и нестиранным."
121,Другие пледы,HOP Design,Koc wełniany ALPAK — zielony prążek,PL,Польша,Польский злотый,449,,100% wełna owcza (z młodych owiec),,В наличии,"Официальный карточка товара бренда подтверждает новую модель/цвет, 100% sheep wool, размер, плотность, PLN-цену и наличие.","=HYPERLINK(""https://hopsklep.pl/produkt/koc-welniany-alpak-zielony-prazek/"";""Открыть ↗"")",16.09.2026,Размер: 155 x 205 cm без бахромы. Масса/плотность: ca. 450–500 g/m². НДС на странице: z VAT. Наличие на странице: В наличии. Доставка: Экспресс-отправка до 24 часов; бесплатный Paczkomat от 199 PLN. Возврат: 30 дней.
122,Другие пледы,Rytex,Koc wełniany duże romby z brązową lamówką (SKU 9804/R1-L246),PL,Польша,Польский злотый,199.26,,100% wełna,,В наличии,"Официальный карточка товара производителя подтверждает отдельный артикул, 100% wool, размер, массу 1.2 kg в названии, PLN-цену и остаток 1 шт.","=HYPERLINK(""https://rytex.com.pl/produkt/koc-welniany-duze-romby-z-brazowa-lamowka-150-x-200-cm-1-2kg/"";""Открыть ↗"")",16.09.2026,Размер: 150 x 200 cm. Масса/плотность: 1.2 kg; 600 g per linear metre. НДС на странице: PDP structured data: valueAddedTaxIncluded=true; отдельной видимой VAT-метки нет. Наличие на странице: 1 шт. в наличии. Доставка: До 14 рабочих дней; GLS 21.46 PLN по предоплате / 29.46 PLN наложенным платежом; бесплатный порог не указан. Возврат: 14 календарных дней; прямую стоимость возврата оплачивает покупатель.
123,Другие пледы,Klippan Yllefabrik,Velvet — Avokado (SKU 210405),SE,Швеция,Шведская крона,999,,100% lambswool,,Нет в наличии,"Официальный карточка товара бренда и данные варианта 40444963586218 подтверждают артикул 210405, 100% lambswool, размер, цену и текущий статус temporarily out of stock.","=HYPERLINK(""https://klippanyllefabrik.se/products/velvet?variant=40444963586218"";""Открыть ↗"")",16.09.2026,"Размер: 130 x 200 cm. Масса/плотность: не указано. НДС на странице: не указано на PDP. Наличие на странице: Tillfälligt slut i lager; вариант available=false. Доставка: Обычно отправка в тот же будний день при заказе до 13:00, перевозчик 2–4 дня; бесплатная доставка до пункта выдачи по Швеции от 900 SEK. Возврат: 30 дней; возвратная посылка 69 SEK, исходная доставка не возмещается."
124,Другие пледы,Stackelbergs (retailer Norrgavel),Pläd Mohair bright white (SKU 7530030-h),SE,Швеция,Шведская крона,2695,,70% mohairull / 25% ull / 5% nylon,,В наличии,"Официальный карточка товара Norrgavel подтверждает артикул 7530030-h, цену с VAT, состав, размер и наличие. Массу 2 kg не считаем массой пледа: поле прямо включает упаковку; несогласованность срока возврата сохранена дословно.","=HYPERLINK(""https://norrgavel.se/inredning/hemtextilier/pladar-filtar/plad-mohair-bright-white"";""Открыть ↗"")",16.09.2026,"Размер: 130 x 170 cm. Масса/плотность: не указано; 2 kg на сайте — масса вместе с упаковкой. НДС на странице: price.incVat=2695; VAT=539 в данных PDP. Наличие на странице: В наличии; schema InStock. Доставка: Складской декор обычно отправляется за 2–3 дня; стоимость/бесплатный порог не указаны и зависят от способа доставки. Возврат: Официальные страницы противоречат: страница возврата — 14 дней, условия покупки — 30 дней; покупатель оплачивает возврат."
125,Другие пледы,Røros Tweed,Mikkel Large Throw — Orange (SKU 3755),EU,ЕС,Евро,239,,100% wool,,В наличии,"Официальный карточка товара бренда в EUR подтверждает вариант Orange, артикул 3755, цену 239 EUR, 100% wool, размер, массу и наличие; price-before-discount равна текущей, поэтому regular_price оставлена пустой.","=HYPERLINK(""https://www.rorostweed.com/en/product/mikkel-large-throw?variant=orange&country=de&currency=eur&stay=1"";""Открыть ↗"")",16.09.2026,Размер: 135 x 200 cm. Масса/плотность: 1.2 kg. НДС на странице: prices include all taxes and additional costs. Наличие на странице: В наличии; schema InStock. Доставка: Отправка через 1–2 рабочих дня; бесплатный порог не указан. Возврат: 14 дней на отказ с получения; отправить обратно не позднее 14 дней после уведомления; прямые расходы несёт покупатель.
126,Шали,PURSCHOEN,Kaschmirschal Stone II,DE,Германия,Евро,239,,100% cashmere,,Уточнить,Официальная DE карточка товара; артикул 247/4015/OS; wide cashmere stole; конфликтующие stock-сигналы сохранены в availability.,"=HYPERLINK(""https://purschoen.de/products/stone-ii-schal"";""Открыть ↗"")",16.09.2026,Размер: 195 × 85 cm; large stole. НДС на странице: inkl. MwSt. zzgl. Versand. Наличие на странице: Add to cart; одновременно сообщение Selected quantity exceeds current stock. Доставка: не указано. Возврат: не указано.
127,Шали,Falconeri,Kaschmirstola Damen / Cashmere Stole,DE,Германия,Евро,188,,100% cashmere,,В наличии,"Официальная DE карточка товара; code DZ00195; отдельная stole-модель, цена, состав и размер подтверждены.","=HYPERLINK(""https://www.falconeri.com/de/product/kaschmirstola_damen-DZ00195.html?dwvar_DZ00195_Z_COL_FALCD=9215"";""Открыть ↗"")",16.09.2026,"Размер: 208 × 62 cm; large stole. НДС на странице: не указано. Наличие на странице: Select size; Add to cart. Доставка: не указано. Возврат: 30 дней; бесплатно в магазинах; возможен возврат курьером, стоимость не указана."
128,Шали,REPEAT cashmere,Stijlvolle vierkante cashmere sjaal met strepen en dekensteek,NL,Нидерланды,Евро,399.95,,100% GOTS organic cashmere,,Нет в наличии,Официальная NL карточка товара; article 700561-8366; отдельная квадратная stole-модель.,"=HYPERLINK(""https://www.repeatcashmere.com/nl/stijlvolle-vierkante-cashmere-sjaal-met-strepen-en-dekensteek/700561-8366.html"";""Открыть ↗"")",16.09.2026,"Размер: 140 × 140 cm; large square stole. НДС на странице: incl BTW. Наличие на странице: Unavailable / notify me; PDP также указывает изготовление под заказ. Доставка: NL доставка €4.95, бесплатно от €99; 3–6 рабочих дней; изготовление под заказ — до 15 рабочих дней. Возврат: Возврат с небольшой комиссией; сумма не указана."
129,Шали,Joe Merino,Scarf Julia Navy,NL,Нидерланды,Евро,100,,100% superfine merino wool; non-mulesed,,В наличии,"Официальная NL карточка товара; цена показана как Vanaf 100,-; текущая карточка помечает модель последними экземплярами/снятием с линейки.","=HYPERLINK(""https://www.joemerino.com/nl_nl/scarf-julia-navy/"";""Открыть ↗"")",16.09.2026,Размер: 210 × 70 cm; large stole; ≈320 g. НДС на странице: Incl.btw. Наличие на странице: One Size; last units / discontinued; Add to cart. Доставка: Бесплатная доставка; заказ до 23:00 отправляется в тот же день. Возврат: Бесплатный возврат; 100 дней.
130,Шали,Filippa K,Monogram Scarf — Light Beige,NL,Нидерланды,Евро,170,85,60% recycled wool (GRS); 20% mulesing-free merino wool; 10% cashmere; 10% recycled cashmere (GRS),,В наличии,Официальная NL карточка товара; article 31011-0213-ONE-S; раскрыты все доли wool/cashmere blend; отдельная модель.,"=HYPERLINK(""https://www.filippa-k.com/nl/en/monogram-scarf/31011-0213.html"";""Открыть ↗"")",16.09.2026,Размер: 200 × 50 cm; compact shawl. НДС на странице: не указано. Наличие на странице: ONE-S; Add to bag. Доставка: Бесплатная доставка для участников; 2–4 дня. Возврат: 14 дней; комиссия €4; возврат в магазин бесплатно.
131,Шали,Wólczanka,Szal z wełny — kremowy,PL,Польша,Польский злотый,199.99,99.99,100% wool,,Уточнить,Официальная PL карточка товара; code 0000JX5581; текущая и обычная цена подтверждены; противоречивые stock-сигналы сохранены.,"=HYPERLINK(""https://wolczanka.pl/kremowy-szal-wolczanka-62632-1"";""Открыть ↗"")",16.09.2026,Размер: 200 × 40 cm; compact shawl. НДС на странице: не указано. Наличие на странице: Universal; notify signal; one boutique; tylko online. Доставка: Бутик 0 PLN; DPD Pickup 8.79 PLN; Orlen Paczka 8.99 PLN; DPD courier 12 PLN; InPost locker 13.99 PLN; InPost courier 14.99 PLN. Возврат: 30 дней.
132,Шали,Answear.LAB,Szal damski z dodatkiem wełny — różowy,PL,Польша,Польский злотый,159.99,83.99,80% modal; 15% wool; 5% cashmere,,В наличии,Официальная карточка товара ритейлера Answear; model MLC.iak; product ID BPY2-SAD040_03X; раскрытый blend и large-stole размер.,"=HYPERLINK(""https://answear.com/p/answear-lab-szal-damski-z-dodatkiem-welny-rozowy-1683373"";""Открыть ↗"")",16.09.2026,Размер: 206 × 80 cm; large stole. НДС на странице: не указано. Наличие на странице: ONE; Add to cart. Доставка: Доставка возможна в течение 24 часов; бесплатно от 280 PLN. Возврат: 30 дней.
133,Шали,Soft Goat,Knitted Scarf — Black,SE,Швеция,Шведская крона,2500,,100% cashmere,,Уточнить,"Официальная SE карточка товара была индексирована с 2,500 SEK, 100% cashmere и 192 × 60 cm; повторное открытие перенаправило экстрактор на US locale, поэтому live stock и сервисные условия SE не подтверждены.","=HYPERLINK(""https://softgoat.com/se/p/knitted-scarf-black/"";""Открыть ↗"")",16.09.2026,Качество подтверждения: частичное; причина указана в колонке «Почему важен». Размер: 192 × 60 cm; large stole. НДС на странице: не указано. Наличие на странице: не указано. Доставка: не указано. Возврат: не указано.
134,Шали,Davida Cashmere,Rectangular Scarf — Mink,SE,Швеция,Шведская крона,1699,850,100% cashmere,,В наличии,Официальная карточка; отдельная прямоугольная модель; на странице видны текущая и обычная цена.,"=HYPERLINK(""https://davidacashmere.com/products/rectangular-scarf-accessories-mink"";""Открыть ↗"")",16.09.2026,Размер: 200 × 45 cm; compact shawl. НДС на странице: не указано. Наличие на странице: One Size; Add to cart. Доставка: Швеция 1–2 дня; EU 2–5 дней; бесплатная EU-доставка от €200. Возврат: не указано.
135,Шали,Essentiel Antwerp,Olijfgroene wol-kasjmier sjaalkraag,BE,Бельгия,Евро,135,,97% wool; 3% cashmere,,Уточнить,Официальная карточка для Бельгии; артикул KAAP-OG24; раскрыты состав с шерстью и кашемиром и размер.,"=HYPERLINK(""https://www.essentiel-antwerp.com/be_nl/p/green-scarf-kaap"";""Открыть ↗"")",16.09.2026,Размер: 150 × 54 cm; large shoulder wrap. НДС на странице: не указано. Наличие на странице: Select size; явный stock-сигнал не указан. Доставка: не указано. Возврат: не указано.
136,Шали,Johnstons of Elgin,Raeburn Light Brown Cashmere Travel Stole,EU,ЕС,Фунт стерлингов,395,,100% cashmere,,Уточнить,Официальная карточка товара; артикул HAA03407; luxury travel-stole anchor; противоречивые launch/cart сигналы сохранены.,"=HYPERLINK(""https://johnstonsofelgin.com/products/raeburn-light-brown-cashmere-travel-stole"";""Открыть ↗"")",16.09.2026,Размер: 180 × 90 cm; large stole. НДС на странице: не указано. Наличие на странице: Coming Soon; PDP также показывает Add to bag. Доставка: Бесплатная доставка всех онлайн-заказов. Возврат: 14 дней; вышивка исключает возврат.
137,Перчатки,DILLING,Baby Wanten Merinowol – fleece (FG-5226-0275-597),NL,Нидерланды,Евро,17.99,,Тип: вязаные/флисовые мериносовые варежки; 100% органическая мериносовая шерсть; 290 g/m²; 19.5 micron; отдельная подкладка не указана,,В наличии,"[2026-09-16] Официальная карточка товара: отдельный артикул FG-5226-0275-597, цена, материал и физический замер. Размерная сетка и отдельная подкладка не указаны; не дубль PG-42010-0175-564.","=HYPERLINK(""https://www.dilling.nl/product/wanten-van-merinowolfleece-voor-babys-fg-5226-0275-597"";""Открыть ↗"")",16.09.2026,Качество подтверждения: частичное; причина указана в колонке «Почему важен». Размер: не указано; размер флисовой части без манжеты 10×8 см. НДС на странице: Incl. BTW. Наличие на странице: Доступно к добавлению в корзину. Доставка: 2–4 рабочих дня из Дании; доставка от €4; бесплатно от €79. Возврат: 100 дней.
138,Перчатки,Hestra,Deerskin Wool Tricot (20450-100100),NL,Нидерланды,Евро,95,,"Тип: leather + wool lining; верх — deerskin; wool tricot — 100% OEKO-TEX wool; подкладка — 80% wool, 20% polyamide, тонкая вязаная merino wool lining",,В наличии,"[2026-09-16] Официальная EU карточка товара Hestra: отдельная модель 20450-100100, цена за товар, конструкция leather + merino lining и размерная сетка 6–11.","=HYPERLINK(""https://www.hestragloves.eu/products/deerskin-wool-tricot-black-black"";""Открыть ↗"")",16.09.2026,"Размер: 6; 7; 8; 9; 10; 11. НДС на странице: не указано. Наличие на странице: Доступно к добавлению в корзину. Доставка: EU: pickup €8, home €11; бесплатно pickup от €70, home от €150; упаковка до 2 рабочих дней, итоговый срок в checkout. Возврат: 30 дней; возвратный сбор €5."
139,Перчатки,Icebreaker,360 Sierra handschoenen (IB104829001),NL,Нидерланды,Евро,45.95,,"Тип: вязаные RealFleece; основная ткань 88% wool, 9% nylon, 3% elastane; манжета 97% wool, 3% elastane; ладонь 100% nylon + polyurethane; кончики 92% polyester, 8% elastane; отдельная подкладка не указана",,В наличии,"[2026-09-16] Официальная NL карточка товара: отдельный артикул IB104829001, цена, детальный состав по частям и размеры XS–XL.","=HYPERLINK(""https://eu.icebreaker.com/nl-nl/products/realfleece-sierra-handschoenen-ib104829001"";""Открыть ↗"")",16.09.2026,"Размер: XS; S; M; L; XL. НДС на странице: не указано. Наличие на странице: Все размеры XS–XL показаны доступными; добавление в корзину. Доставка: Стандарт 2–3 дня, бесплатно от €65; express 1–2 дня, стоимость не указана. Возврат: 30 дней; PDP заявляет бесплатный возврат."
140,Перчатки,Wólczanka,Rękawiczki z wełny 0000JX4121,PL,Польша,Польский злотый,99.99,49.99,Тип: вязаные шерстяные перчатки; 100% wełna; отдельная подкладка не указана,,Нет в наличии,"[2026-09-16] Официальная карточка товара: текущая 49.99 PLN, regular 99.99 PLN, минимум за 30 дней 99.99 PLN; товар недоступен. Размер и подкладка на текущей странице не указаны; не дубль артикул 0000JX4086.","=HYPERLINK(""https://wolczanka.pl/be%C5%BCowe-r%C4%99kawiczki-w%C3%B3lczanka-57724-1"";""Открыть ↗"")",16.09.2026,Качество подтверждения: частичное; причина указана в колонке «Почему важен». Размер: не указано на текущей PDP. НДС на странице: не указано. Наличие на странице: PRODUKT NIEDOSTĘPNY. Доставка: Самовывоз 0 PLN; DPD Pickup 8.79 PLN; ORLEN 8.99 PLN; DPD courier 12 PLN; InPost locker 13.99 PLN; InPost courier 14.99 PLN. Возврат: 30 дней.
141,Перчатки,Patrizia Aryton,Brązowe skórzane rękawiczki (10389-37),PL,Польша,Польский злотый,599,299,"Тип: leather + wool/cashmere lining; верх 100% skóra naturalna; подкладка 85% wełna, 15% kaszmir",,В наличии,"[2026-09-16] Официальная PL карточка товара: отдельный артикул 10389-37, sale 299 PLN против 599 PLN, минимум за 30 дней 299 PLN, кожаный верх, шерстяно-кашемировая подкладка и размеры S–L.","=HYPERLINK(""https://patrizia.aryton.pl/p/26200-brazowe-skorzane-rekawiczki.html"";""Открыть ↗"")",16.09.2026,Размер: S 36/38; M 40/42; L 44/46. НДС на странице: не указано. Наличие на странице: Доступно к добавлению в корзину. Доставка: Бесплатно по Польше: InPost locker и DPD; самовывоз из магазина бесплатно. Возврат: 14 дней.
142,Перчатки,Hestra,Ergo Grip Active Wool Terry – 5 finger (31190-100020),SE,Швеция,Шведская крона,1200,,"Тип: technical leather/textile + wool lining; верх Hestra Ventus 3-layer polyester/nylon/PU и пропитанная goat leather; подкладка wool terry 90% wool, 10% polyamide",,В наличии,"[2026-09-16] Официальная SE карточка товара: отдельная модель 31190-100020, цена, верх и wool-terry lining, размеры 6–11; не дубль Basic Wool Glove 63660-390.","=HYPERLINK(""https://www.hestragloves.se/products/ergo-grip-active-wool-terry-5-finger-black-offwhite"";""Открыть ↗"")",16.09.2026,"Размер: 6; 7; 8; 9; 10; 11. НДС на странице: не указано. Наличие на странице: Доступно к добавлению в корзину. Доставка: 40 SEK; бесплатно от 650 SEK; обычно отправка в течение 2 дней, затем 1–3 дня PostNord. Возврат: 30 дней; возвратный сбор 50 SEK."
143,Перчатки,Handsome Stockholm,Peccary Oatmeal – Men,SE,Швеция,Евро,500,,Тип: leather + cashmere lining; верх 100% peccary leather; подкладка 100% cashmere,,В наличии,"[2026-09-16] Замена кандидата Soft Goat: у шведского Handsome Stockholm есть прямая актуальная официальная карточка товара; роль североевропейского премиум-сегмента и конструкция leather + cashmere сохранены. Зафиксированы цена, материалы и размеры.","=HYPERLINK(""https://handsomestockholm.com/products/peccary-oatmeal-men"";""Открыть ↗"")",16.09.2026,"Размер: S; M; L; XL. НДС на странице: не указано. Наличие на странице: Доступно к добавлению в корзину. Доставка: По Швеции бесплатно PostNord, 1–3 рабочих дня; доставка по EU бесплатно. Возврат: 30 дней; возврат по EU бесплатный."
144,Перчатки,Hestra,Nelson (23320-710),DK,Дания,Датская крона,900,,Тип: leather + wool lining; верх hairsheep leather / Italian lamb nappa; подкладка 100% wool,,В наличии,"[2026-09-16] Официальная DK карточка товара: отдельная модель 23320-710, цена 900 DKK, кожа, 100% wool lining и половинные размеры. В политике возврата есть валютная несогласованность: DK-страница показывает сбор именно 50 SEK.","=HYPERLINK(""https://www.hestragloves.dk/products/nelson-cork"";""Открыть ↗"")",16.09.2026,"Качество подтверждения: частичное; причина указана в колонке «Почему важен». Размер: 7; 7½; 8; 8½; 9; 9½; 10; 10½. НДС на странице: не указано. Наличие на странице: Доступно к добавлению в корзину. Доставка: Pickup 40 DKK, home 110 DKK; бесплатно pickup от 500 DKK, home от 2000 DKK; упаковка до 2 рабочих дней, итоговый ETA в checkout. Возврат: 30 дней; локальная DK-страница указывает удержание за возврат 50 SEK."
145,Перчатки,Varusteleka,Varusteleka Merino Gloves,FI,Финляндия,Евро,16.99,,Тип: вязаные merino gloves / liner gloves; 100% mulesing-free merino wool; 450 g/m²; 19.5 micron; отдельная подкладка не указана,,В наличии,"[2026-09-16] Официальная финская карточка товара: отдельная пара/артикул, цена, 100% merino, три размера и наличие по вариантам; EU price указан с налогом.","=HYPERLINK(""https://varusteleka.com/en/products/varusteleka-merino-gloves"";""Открыть ↗"")",16.09.2026,"Размер: Small; Medium; Large. НДС на странице: Tax included. Наличие на странице: В целом более 20 шт. в наличии; некоторые сочетания цвета и размера распроданы; доступно добавление в корзину. Доставка: Стоимость рассчитывается в checkout; по Финляндии 1–3 рабочих дня; отдельные способы бесплатно от €100; 90% заказов отправляются на следующий рабочий день. Возврат: 100 дней; стоимость обратной пересылки зависит от способа, возврат в магазин возможен."
146,Перчатки,Johnstons of Elgin,Patrick Navy Men's Cashmere Gloves (HAY01001),EU,ЕС,Евро,125,,Тип: вязаные кашемировые перчатки; 100% cashmere; 2-ply; отдельная подкладка не указана,,Уточнить,"[2026-09-16] Официальная EUR карточка товара: отдельный артикул HAY01001, цена, 100% cashmere и One Size. Статус доступности противоречив: Sale Coming Soon и ADD TO BAG показаны одновременно.","=HYPERLINK(""https://johnstonsofelgin.com/en-at/products/patrick-navy-mens-cashmere-gloves"";""Открыть ↗"")",16.09.2026,Качество подтверждения: частичное; причина указана в колонке «Почему важен». Размер: One Size. НДС на странице: не указано. Наличие на странице: PDP одновременно показывает Sale Coming Soon и кнопку ADD TO BAG. Доставка: Worldwide delivery; большинство заказов complimentary; для Австрии до €250 возможна неуказанная небольшая доплата; Европа до 6 рабочих дней DHL Express или до 10 дней DPD. Возврат: 14 дней.
147,Перчатки,Falconeri,Handschuhe aus Kaschmir Ultrasoft mit Zopfmuster (DZ00529),EU,ЕС,Евро,98,,Тип: вязаные кашемировые перчатки; 100% cashmere; отдельная подкладка не указана,,В наличии,"[2026-09-16] Официальная DE/EUR карточка товара: отдельная новая модель DZ00529, цена и 100% cashmere; не дубль DZ00400/DZ00170. Значения размерной сетки и отдельная подкладка на доступной карточка товара не раскрыты.","=HYPERLINK(""https://www.falconeri.com/de/product/handschuhe_aus_kaschmir_ultrasoft_mit_zopfmuster-DZ00529.html?dwvar_DZ00529_Z_COL_FALC=8984"";""Открыть ↗"")",16.09.2026,"Качество подтверждения: частичное; причина указана в колонке «Почему важен». Размер: не указано; селектор размера присутствует. НДС на странице: не указано. Наличие на странице: Добавление в корзину после выбора размера. Доставка: Standard 1–3 дня €3.95, бесплатно Falconeri Club или от €250; pickup 1–3 дня €2.95 с теми же условиями; express до 48 часов €5.95; самовывоз из магазина бесплатно. Возврат: 30 дней; для Falconeri Club бесплатно, иначе €2.95."
