"id","категория","товар_бренд","рынок","рейтинг","средний_рейтинг_карточки","число_оценок_карточки","дата_отзыва","точность_даты","job_to_be_done","драйвер_покупки","позитив","барьер_возражение","тональность","код_темы","фрагмент_или_пересказ","режим_фиксации","статус_покупки","группа_зависимости","риск_зависимой_выборки","источник_url","тип_источника","дата_проверки","ограничение"
"VOC-001","Шаль / палантин","& Other Stories Wool Fringe Scarf","DE","5","4.7","193","2023-12-09","точная","Укутать плечи в прохладу и носить аксессуар несколькими способами.","мягкость, тепло и большой формат","приятен у кожи и закрывает плечи","","позитив","SOFTNESS|WARMTH|VERSATILITY|SIZE_FIT","Мягкий, тёплый и достаточно большой, чтобы накинуть на плечи.","точный пересказ на русском; исходный длинный текст не сохранён","не указан","hmDeWool","Повышенный: 5 отзывов взяты с одной карточки; это голоса, а не независимые рыночные замеры.","https://www2.hm.com/de_de/productpage.1095302001.html","крупный ритейлер, локальная карточка товара","2026-09-15","Отзывы на локальной витрине H&M Group могут быть синдицированы; статус покупки не показан."
"VOC-002","Шерстяной шарф","& Other Stories Wool Fringe Scarf","DE","5","4.7","193","2023-02-17","точная","Согреть шею и дополнить верхнюю одежду без лишнего объёма.","комфорт шерсти у чувствительной кожи","меньше колется, чем похожая модель","более высокая цена","смешанный","LOW_ITCH|PRICE_VALUE","Более дорогой вариант заметно мягче и меньше колется.","точный пересказ на русском; исходный длинный текст не сохранён","не указан","hmDeWool","Повышенный: 5 отзывов взяты с одной карточки; это голоса, а не независимые рыночные замеры.","https://www2.hm.com/de_de/productpage.1095302001.html","крупный ритейлер, локальная карточка товара","2026-09-15","Отзывы на локальной витрине H&M Group могут быть синдицированы; статус покупки не показан."
"VOC-003","Шерстяной шарф","& Other Stories Wool Fringe Scarf","DE","4","4.7","193","2022-12-31","точная","Согреть шею и дополнить верхнюю одежду без лишнего объёма.","качество материала и цвет","материал, обработка и оттенок понравились","после стирки нужна коррекция формы","смешанный","CARE_LIMIT|SHAPE_LOSS|COLOR_MATCH","Материал и цвет хороши, но после стирки шарф теряет форму.","точный пересказ на русском; исходный длинный текст не сохранён","не указан","hmDeWool","Повышенный: 5 отзывов взяты с одной карточки; это голоса, а не независимые рыночные замеры.","https://www2.hm.com/de_de/productpage.1095302001.html","крупный ритейлер, локальная карточка товара","2026-09-15","Отзывы на локальной витрине H&M Group могут быть синдицированы; статус покупки не показан."
"VOC-004","Шаль / палантин","& Other Stories Wool Fringe Scarf","DE","5","4.7","193","2023-03-02","точная","Укутать плечи в прохладу и носить аксессуар несколькими способами.","100% шерсть и большой формат","греет и работает как мини-плед","","позитив","WARMTH|VERSATILITY|NATURAL_FIBER","Тёплый шарф из чистой шерсти иногда заменяет плед.","точный пересказ на русском; исходный длинный текст не сохранён","не указан","hmDeWool","Повышенный: 5 отзывов взяты с одной карточки; это голоса, а не независимые рыночные замеры.","https://www2.hm.com/de_de/productpage.1095302001.html","крупный ритейлер, локальная карточка товара","2026-09-15","Отзывы на локальной витрине H&M Group могут быть синдицированы; статус покупки не показан."
"VOC-005","Шерстяной шарф","& Other Stories Wool Fringe Scarf","DE","3","4.7","193","2026-01-12","точная","Согреть шею и дополнить верхнюю одежду без лишнего объёма.","ожидание прежней плотности и цвета","","ощущение снижения качества относительно старой версии","негатив","TOO_THIN|QUALITY_CONSISTENCY|COLOR_MISMATCH","Новая версия тоньше старой, качество и цвет стали слабее.","точный пересказ на русском; исходный длинный текст не сохранён","не указан","hmDeWool","Повышенный: 5 отзывов взяты с одной карточки; это голоса, а не независимые рыночные замеры.","https://www2.hm.com/de_de/productpage.1095302001.html","крупный ритейлер, локальная карточка товара","2026-09-15","Отзывы на локальной витрине H&M Group могут быть синдицированы; статус покупки не показан."
"VOC-006","Кашемировый шарф","Tchibo Cashmere-Strickschal","DE","","4.5","","2026-03-21","точная","Получить мягкое тепло у лица без зуда и лишнего веса.","кашемировая мягкость и премиальное ощущение","высокая тактильная ценность","цена остаётся высокой даже по акции","смешанный","SOFTNESS|PREMIUM_PRICE|PRICE_VALUE","Даже со скидкой дорого, но ощущение от шарфа прекрасное.","точный пересказ на русском; исходный длинный текст не сохранён","не указан","tchiboDeCashmere","Повышенный: 3 отзывов взяты с одной карточки; это голоса, а не независимые рыночные замеры.","https://www.tchibo.de/products/147594165877/cashmere-strickschal?article_id=114328486258","официальная карточка ритейлера","2026-09-15","Индивидуальная оценка в доступном фрагменте не показана; опираемся на текст и рейтинг карточки."
"VOC-007","Кашемировый шарф","Tchibo Cashmere-Strickschal","DE","","4.5","","2026-03-05","точная","Получить мягкое тепло у лица без зуда и лишнего веса.","ожидание плотного премиального кашемира","","толщина не соответствует цене","негатив","TOO_THIN|PREMIUM_PRICE|PRICE_VALUE","Слишком тонкий для своей цены, поэтому покупку вернули.","точный пересказ на русском; исходный длинный текст не сохранён","не указан","tchiboDeCashmere","Повышенный: 3 отзывов взяты с одной карточки; это голоса, а не независимые рыночные замеры.","https://www.tchibo.de/products/147594165877/cashmere-strickschal?article_id=114328486258","официальная карточка ритейлера","2026-09-15","Индивидуальная оценка в доступном фрагменте не показана; опираемся на текст и рейтинг карточки."
"VOC-008","Кашемировый шарф","Tchibo Cashmere-Strickschal","DE","","4.5","","2026-03-02","точная","Получить мягкое тепло у лица без зуда и лишнего веса.","проверенное качество для подарка","повторная покупка подтверждает доверие","","позитив","GIFT|REPEAT_BUY","Второй заказ: первый подарили, этот тоже берут в подарок.","точный пересказ на русском; исходный длинный текст не сохранён","не указан","tchiboDeCashmere","Повышенный: 3 отзывов взяты с одной карточки; это голоса, а не независимые рыночные замеры.","https://www.tchibo.de/products/147594165877/cashmere-strickschal?article_id=114328486258","официальная карточка ритейлера","2026-09-15","Индивидуальная оценка в доступном фрагменте не показана; опираемся на текст и рейтинг карточки."
"VOC-009","Кашемировый шарф","Bovari 100% Kaschmir Schal","DE","","4.6","19","2026-02-17","точная","Получить мягкое тепло у лица без зуда и лишнего веса.","приятный материал и комфорт","готовность к повторной покупке","","позитив","SOFTNESS|REPEAT_BUY","Материал приятный, носить комфортно; заказала бы снова.","точный пересказ на русском; исходный длинный текст не сохранён","подтверждённая","ottoDeCashmere","Повышенный: 2 отзывов взяты с одной карточки; это голоса, а не независимые рыночные замеры.","https://www.otto.de/p/bovari-kaschmirschal-100-kaschmir-schal-damen-und-herren-strick-schal-premium-qualitaet-S0U5I039/?variationId=S0U5I0394TCT","крупный маркетплейс, карточка товара","2026-09-15","Покупка помечена подтверждённой, но индивидуальная звезда в текстовом фрагменте не видна."
"VOC-010","Кашемировый шарф","Bovari 100% Kaschmir Schal","DE","","4.6","19","2024-09-24","точная","Получить мягкое тепло у лица без зуда и лишнего веса.","цвет и кашемировое качество","общее удовлетворение и рекомендация","цвет светлее карточки","смешанный","COLOR_MISMATCH|PHOTO_ACCURACY","Вживую оттенок светлее фотографии, но покупкой довольны.","точный пересказ на русском; исходный длинный текст не сохранён","подтверждённая","ottoDeCashmere","Повышенный: 2 отзывов взяты с одной карточки; это голоса, а не независимые рыночные замеры.","https://www.otto.de/p/bovari-kaschmirschal-100-kaschmir-schal-damen-und-herren-strick-schal-premium-qualitaet-S0U5I039/?variationId=S0U5I0394TCT","крупный маркетплейс, карточка товара","2026-09-15","Покупка помечена подтверждённой, но индивидуальная звезда в текстовом фрагменте не видна."
"VOC-011","Плед из шерсти яка","Ritter Yakdecke Himalaya","DE","5","5","2","2026-03-02","точная","Получить лёгкое и очень тёплое укрытие для дивана или кровати.","редкое волокно, тепло и внешний вид","уют и тепло в холодную погоду","","позитив","WARMTH|INTERIOR","Красивый плед из яка хорошо согревает в холод.","точный пересказ на русском; исходный длинный текст не сохранён","подтверждённая","ottoDeYak","Один отзыв с карточки; остаётся риск самоотбора автора и нерепрезентативности.","https://www.otto.de/p/wohndecke-flauschige-yakdecke-himalaya-aus-100-yakwolle-dunkelbraun-ritter-decken-wolldecke-tagesdecke-100-yak-auf-schurwollkette-weitere-groessen-S0U2P0QS/","крупный маркетплейс, карточка товара","2026-09-15","Подтверждённая покупка; у карточки только две оценки, поэтому сигнал нельзя обобщать."
"VOC-012","Шерстяные / мериносовые носки","Varusteleka Merinowollsocken","DE","5","4.75","61","4 месяца назад","относительная","Сохранять тепло и комфорт ног при ходьбе, работе или поездках.","прочность для регулярного использования","ощущаются добротно","","позитив","DURABILITY","Носки прочные и хорошо ощущаются в носке.","точный пересказ на русском; исходный длинный текст не сохранён","подтверждённая","varDeSocks","Повышенный: 5 отзывов взяты с одной карточки; это голоса, а не независимые рыночные замеры.","https://varusteleka.com/de-de/products/varusteleka-merinowollsocken-de","официальная локальная карточка бренда","2026-09-15","DE-витрина использует общий пул отзывов; дата показана относительно, страна автора не указана."
"VOC-013","Шерстяные / мериносовые носки","Varusteleka Merinowollsocken","DE","3","4.75","61","5 месяцев назад","относительная","Сохранять тепло и комфорт ног при ходьбе, работе или поездках.","посадка для ежедневных десятикилометровых маршрутов","первичная примерка приемлема","слишком свободная посадка и сомнение в ресурсе","негатив","SIZE_FIT|ACTIVE_USE|DURABILITY","В несшнурованных ботинках сидят слишком свободно для долгой ходьбы.","точный пересказ на русском; исходный длинный текст не сохранён","подтверждённая","varDeSocks","Повышенный: 5 отзывов взяты с одной карточки; это голоса, а не независимые рыночные замеры.","https://varusteleka.com/de-de/products/varusteleka-merinowollsocken-de","официальная локальная карточка бренда","2026-09-15","DE-витрина использует общий пул отзывов; дата показана относительно, страна автора не указана."
"VOC-014","Шерстяные / мериносовые носки","Varusteleka Merinowollsocken","DE","5","4.75","61","7 месяцев назад","относительная","Сохранять тепло и комфорт ног при ходьбе, работе или поездках.","универсальная повседневная пара","полностью соответствуют ожиданиям","","позитив","SIZE_FIT","Идеальные носки без заметных недостатков.","точный пересказ на русском; исходный длинный текст не сохранён","подтверждённая","varDeSocks","Повышенный: 5 отзывов взяты с одной карточки; это голоса, а не независимые рыночные замеры.","https://varusteleka.com/de-de/products/varusteleka-merinowollsocken-de","официальная локальная карточка бренда","2026-09-15","DE-витрина использует общий пул отзывов; дата показана относительно, страна автора не указана."
"VOC-015","Шерстяные / мериносовые носки","Varusteleka Merinowollsocken","DE","5","4.75","61","7 месяцев назад","относительная","Сохранять тепло и комфорт ног при ходьбе, работе или поездках.","проверенный комфорт на каждый день","сильное намерение повторной покупки","","позитив","REPEAT_BUY","Лучшие носки; хочется купить ещё пары.","точный пересказ на русском; исходный длинный текст не сохранён","подтверждённая","varDeSocks","Повышенный: 5 отзывов взяты с одной карточки; это голоса, а не независимые рыночные замеры.","https://varusteleka.com/de-de/products/varusteleka-merinowollsocken-de","официальная локальная карточка бренда","2026-09-15","DE-витрина использует общий пул отзывов; дата показана относительно, страна автора не указана."
"VOC-016","Шерстяные / мериносовые носки","Varusteleka Merinowollsocken","DE","5","4.75","61","7 месяцев назад","относительная","Сохранять тепло и комфорт ног при ходьбе, работе или поездках.","цена, качество и надёжная повседневность","заменили остальные носки","","позитив","PRICE_VALUE|REPEAT_BUY","Отличное соотношение цены и качества, ношу только их.","точный пересказ на русском; исходный длинный текст не сохранён","подтверждённая","varDeSocks","Повышенный: 5 отзывов взяты с одной карточки; это голоса, а не независимые рыночные замеры.","https://varusteleka.com/de-de/products/varusteleka-merinowollsocken-de","официальная локальная карточка бренда","2026-09-15","DE-витрина использует общий пул отзывов; дата показана относительно, страна автора не указана."
"VOC-017","Перчатки из мериносовой шерсти","Varusteleka Merino Handschuhe","DE","5","4.62","45","7 месяцев назад","относительная","Согреть руки отдельно или тонким утепляющим слоем.","тепло и качество исполнения","тёплые и качественные","","позитив","WARMTH|DURABILITY","Перчатки действительно тёплые и выглядят добротно.","точный пересказ на русском; исходный длинный текст не сохранён","подтверждённая","varDeGloves","Повышенный: 5 отзывов взяты с одной карточки; это голоса, а не независимые рыночные замеры.","https://varusteleka.com/de-de/products/varusteleka-merino-handschuhe-de","официальная локальная карточка бренда","2026-09-15","DE-витрина использует общий пул отзывов; дата показана относительно, страна автора не указана."
"VOC-018","Перчатки из мериносовой шерсти","Varusteleka Merino Handschuhe","DE","5","4.62","45","7 месяцев назад","относительная","Согреть руки отдельно или тонким утепляющим слоем.","простая надёжная мериносовая базовая вещь","ожидания выполнены","","позитив","QUALITY_CONSISTENCY","Качество полностью устраивает.","точный пересказ на русском; исходный длинный текст не сохранён","подтверждённая","varDeGloves","Повышенный: 5 отзывов взяты с одной карточки; это голоса, а не независимые рыночные замеры.","https://varusteleka.com/de-de/products/varusteleka-merino-handschuhe-de","официальная локальная карточка бренда","2026-09-15","DE-витрина использует общий пул отзывов; дата показана относительно, страна автора не указана."
"VOC-019","Перчатки из мериносовой шерсти","Varusteleka Merino Handschuhe","DE","5","4.62","45","3 дня назад","относительная","Согреть руки отдельно или тонким утепляющим слоем.","проверенное семейное тепло","товар нравится нескольким членам семьи","","позитив","WARMTH|GIFT|REPEAT_BUY","Партнёрша перестала забирать мои перчатки после собственной пары.","точный пересказ на русском; исходный длинный текст не сохранён","подтверждённая","varDeGloves","Повышенный: 5 отзывов взяты с одной карточки; это голоса, а не независимые рыночные замеры.","https://varusteleka.com/de-de/products/varusteleka-merino-handschuhe-de","официальная локальная карточка бренда","2026-09-15","DE-витрина использует общий пул отзывов; дата показана относительно, страна автора не указана."
"VOC-020","Перчатки из мериносовой шерсти","Varusteleka Merino Handschuhe","DE","5","4.62","45","6 дней назад","относительная","Согреть руки отдельно или тонким утепляющим слоем.","универсальность по температуре","эффективны в двух режимах носки","","позитив","LAYERING|WARMTH|VERSATILITY","Работают отдельно в прохладу и как подкладка в сильный мороз.","точный пересказ на русском; исходный длинный текст не сохранён","подтверждённая","varDeGloves","Повышенный: 5 отзывов взяты с одной карточки; это голоса, а не независимые рыночные замеры.","https://varusteleka.com/de-de/products/varusteleka-merino-handschuhe-de","официальная локальная карточка бренда","2026-09-15","DE-витрина использует общий пул отзывов; дата показана относительно, страна автора не указана."
"VOC-021","Перчатки из мериносовой шерсти","Varusteleka Merino Handschuhe","DE","4","4.62","45","11 дней назад","относительная","Согреть руки отдельно или тонким утепляющим слоем.","дополнительное утепление рук","хорошо работают под верхней парой","","позитив","LAYERING|WARMTH","Тёплые и особенно хороши как внутренние перчатки.","точный пересказ на русском; исходный длинный текст не сохранён","не указан","varDeGloves","Повышенный: 5 отзывов взяты с одной карточки; это голоса, а не независимые рыночные замеры.","https://varusteleka.com/de-de/products/varusteleka-merino-handschuhe-de","официальная локальная карточка бренда","2026-09-15","DE-витрина использует общий пул отзывов; дата показана относительно, страна автора не указана."
"VOC-022","Перчатки из мериносовой шерсти","Smartwool Merino Glove","DE","","4.1","9","2025-01-27","точная","Согреть руки отдельно или тонким утепляющим слоем.","компактная защита в переходную погоду","легко носить в кармане","недостаточно тепла для глубокого холода","смешанный","WARMTH|LAYERING|SIZE_FIT","Удобны в межсезонье, но не рассчитаны на сильный мороз.","точный пересказ на русском; исходный длинный текст не сохранён","не указан","bfDeSmartGlove","Повышенный: 4 отзывов взяты с одной карточки; это голоса, а не независимые рыночные замеры.","https://www.bergfreunde.de/smartwool-merino-glove-handschuhe-bewertung/","крупный специализированный ритейлер, страница отзывов","2026-09-15","Индивидуальная звезда в доступном фрагменте не показана; самоотчёт не доказывает объём продаж."
"VOC-023","Перчатки из мериносовой шерсти","Smartwool Merino Glove","DE","","4.1","9","2025-01-28","точная","Согреть руки отдельно или тонким утепляющим слоем.","ожидание плотной мериносовой защиты","","тонкость вызывает недоверие и возврат","негатив","TOO_THIN|WARMTH","Ткань слишком тонкая и просвечивает; в тепло не верится.","точный пересказ на русском; исходный длинный текст не сохранён","не указан","bfDeSmartGlove","Повышенный: 4 отзывов взяты с одной карточки; это голоса, а не независимые рыночные замеры.","https://www.bergfreunde.de/smartwool-merino-glove-handschuhe-bewertung/","крупный специализированный ритейлер, страница отзывов","2026-09-15","Индивидуальная звезда в доступном фрагменте не показана; самоотчёт не доказывает объём продаж."
"VOC-024","Перчатки из мериносовой шерсти","Smartwool Merino Glove","DE","","4.1","9","2026-01-31","точная","Согреть руки отдельно или тонким утепляющим слоем.","активность на холоде и управление слоями","работают для велосипеда и бега","","позитив","ACTIVE_USE|LAYERING|VERSATILITY","Подходят слоем для велосипеда или отдельно для бега.","точный пересказ на русском; исходный длинный текст не сохранён","не указан","bfDeSmartGlove","Повышенный: 4 отзывов взяты с одной карточки; это голоса, а не независимые рыночные замеры.","https://www.bergfreunde.de/smartwool-merino-glove-handschuhe-bewertung/","крупный специализированный ритейлер, страница отзывов","2026-09-15","Индивидуальная звезда в доступном фрагменте не показана; самоотчёт не доказывает объём продаж."
"VOC-025","Перчатки из мериносовой шерсти","Smartwool Merino Glove","DE","","4.1","9","2026-01-05","точная","Согреть руки отдельно или тонким утепляющим слоем.","тонкий дополнительный слой для сильного холода","утепляют без объёма","","позитив","LAYERING|WARMTH","Лёгкие, но достаточно тёплые под лыжными перчатками.","точный пересказ на русском; исходный длинный текст не сохранён","не указан","bfDeSmartGlove","Повышенный: 4 отзывов взяты с одной карточки; это голоса, а не независимые рыночные замеры.","https://www.bergfreunde.de/smartwool-merino-glove-handschuhe-bewertung/","крупный специализированный ритейлер, страница отзывов","2026-09-15","Индивидуальная звезда в доступном фрагменте не показана; самоотчёт не доказывает объём продаж."
"VOC-026","Шерстяные / мериносовые носки","Joha Wool Socks 5007","DE","","","","2024-02-02","точная","Сохранять тепло и комфорт ног при ходьбе, работе или поездках.","лёгкая пара для путешествий и межсезонья","компактны и подходят для мягкой погоды","недостаточно плотные для зимы","смешанный","TOO_THIN|VERSATILITY|ACTIVE_USE","Для зимы тонковаты, зато удобны в поездках весной и осенью.","точный пересказ на русском; исходный длинный текст не сохранён","не указан","bfDeJohaSocks","Повышенный: 4 отзывов взяты с одной карточки; это голоса, а не независимые рыночные замеры.","https://www.bergfreunde.de/joha-wool-socks-5007-merinosocken-bewertung/","крупный специализированный ритейлер, страница отзывов","2026-09-15","Индивидуальная звезда и сводный рейтинг в доступном фрагменте не показаны."
"VOC-027","Шерстяные / мериносовые носки","Joha Wool Socks 5007","DE","","","","2023-12-15","точная","Сохранять тепло и комфорт ног при ходьбе, работе или поездках.","детская ежедневная носка без запаха","комфорт и контроль запаха","","позитив","NO_ODOR|SIZE_FIT","Детям удобно, запах не накапливается даже при ежедневной носке.","точный пересказ на русском; исходный длинный текст не сохранён","не указан","bfDeJohaSocks","Повышенный: 4 отзывов взяты с одной карточки; это голоса, а не независимые рыночные замеры.","https://www.bergfreunde.de/joha-wool-socks-5007-merinosocken-bewertung/","крупный специализированный ритейлер, страница отзывов","2026-09-15","Индивидуальная звезда и сводный рейтинг в доступном фрагменте не показаны."
"VOC-028","Шерстяные / мериносовые носки","Joha Wool Socks 5007","DE","","","","2022-10-17","точная","Сохранять тепло и комфорт ног при ходьбе, работе или поездках.","универсальная повседневная пара для партнёра","посадка, быстрое высыхание и терморегуляция","","позитив","SIZE_FIT|QUICK_DRY|NO_ODOR","Хорошо сидят, быстро сохнут и поддерживают комфортный микроклимат.","точный пересказ на русском; исходный длинный текст не сохранён","не указан","bfDeJohaSocks","Повышенный: 4 отзывов взяты с одной карточки; это голоса, а не независимые рыночные замеры.","https://www.bergfreunde.de/joha-wool-socks-5007-merinosocken-bewertung/","крупный специализированный ритейлер, страница отзывов","2026-09-15","Индивидуальная звезда и сводный рейтинг в доступном фрагменте не показаны."
"VOC-029","Шерстяные / мериносовые носки","Joha Wool Socks 5007","DE","","","","2023-10-31","точная","Сохранять тепло и комфорт ног при ходьбе, работе или поездках.","надёжная посадка в обуви","не сползают","очень быстрый износ","негатив","SIZE_FIT|DURABILITY","Не скользят, но протёрлись до дыр примерно за месяц.","точный пересказ на русском; исходный длинный текст не сохранён","не указан","bfDeJohaSocks","Повышенный: 4 отзывов взяты с одной карточки; это голоса, а не независимые рыночные замеры.","https://www.bergfreunde.de/joha-wool-socks-5007-merinosocken-bewertung/","крупный специализированный ритейлер, страница отзывов","2026-09-15","Индивидуальная звезда и сводный рейтинг в доступном фрагменте не показаны."
"VOC-030","Шерстяные / мериносовые носки","Stoic Merino Wool Cushion Extreme Long","DE","","4.7","28","2025-02-15","точная","Сохранять тепло и комфорт ног при ходьбе, работе или поездках.","защита стопы в жёсткой походной обуви","точная посадка, нет скольжения и мозолей","","позитив","SIZE_FIT|ACTIVE_USE|PRICE_VALUE","Узкой длинной стопе подходят; амортизация спасает в жёстких ботинках.","точный пересказ на русском; исходный длинный текст не сохранён","не указан","bfDeStoicSocks","Повышенный: 2 отзывов взяты с одной карточки; это голоса, а не независимые рыночные замеры.","https://www.bergfreunde.de/stoic-merino-wool-cushion-extreme-long-socks-merinosocken-bewertung/","крупный специализированный ритейлер, страница отзывов","2026-09-15","Индивидуальная звезда в доступном фрагменте не показана; условия носки различаются."
"VOC-031","Шерстяные / мериносовые носки","Stoic Merino Wool Cushion Extreme Long","DE","","4.7","28","2025-10-06","точная","Сохранять тепло и комфорт ног при ходьбе, работе или поездках.","тёплая пара для активной носки","до стирки были тёплыми и удобными","нестабильная посадка после ухода","негатив","CARE_LIMIT|SHAPE_LOSS|SIZE_FIT","После первой стирки посадка ухудшилась, носки сползают.","точный пересказ на русском; исходный длинный текст не сохранён","не указан","bfDeStoicSocks","Повышенный: 2 отзывов взяты с одной карточки; это голоса, а не независимые рыночные замеры.","https://www.bergfreunde.de/stoic-merino-wool-cushion-extreme-long-socks-merinosocken-bewertung/","крупный специализированный ритейлер, страница отзывов","2026-09-15","Индивидуальная звезда в доступном фрагменте не показана; условия носки различаются."
"VOC-032","Шерстяной шарф","& Other Stories Wool Fringe Scarf","NL","4","4.7","19","2023-10-31","точная","Согреть шею и дополнить верхнюю одежду без лишнего объёма.","светлый цвет и качество шерсти","качество понравилось","жёлтый подтон привёл к возврату","смешанный","COLOR_MISMATCH|PHOTO_ACCURACY","Качество хорошее, но белый оттенок оказался желтее фото.","точный пересказ на русском; исходный длинный текст не сохранён","не указан","hmNlWool","Повышенный: 4 отзывов взяты с одной карточки; это голоса, а не независимые рыночные замеры.","https://www2.hm.com/nl_nl/productpage.1095302001.html","крупный ритейлер, локальная карточка товара","2026-09-15","Отзывы на локальной витрине H&M Group могут быть синдицированы; статус покупки не показан."
"VOC-033","Шаль / палантин","& Other Stories Wool Fringe Scarf","NL","5","4.7","19","2024-01-21","точная","Укутать плечи в прохладу и носить аксессуар несколькими способами.","размер, мягкость и умеренная толщина","гибко укутывается и не выглядит громоздко","","позитив","SOFTNESS|WARMTH|SIZE_FIT|VERSATILITY","Большой и мягкий, греет без лишнего объёма.","точный пересказ на русском; исходный длинный текст не сохранён","не указан","hmNlWool","Повышенный: 4 отзывов взяты с одной карточки; это голоса, а не независимые рыночные замеры.","https://www2.hm.com/nl_nl/productpage.1095302001.html","крупный ритейлер, локальная карточка товара","2026-09-15","Отзывы на локальной витрине H&M Group могут быть синдицированы; статус покупки не показан."
"VOC-034","Шерстяной шарф","& Other Stories Wool Fringe Scarf","NL","5","4.7","19","2023-11-10","точная","Согреть шею и дополнить верхнюю одежду без лишнего объёма.","длина и качество","хорошая длина и исполнение","непрактичный светлый оттенок для макияжа","смешанный","SIZE_FIT|COLOR_MISMATCH","Длинный и качественный, но светлый цвет боится косметики.","точный пересказ на русском; исходный длинный текст не сохранён","не указан","hmNlWool","Повышенный: 4 отзывов взяты с одной карточки; это голоса, а не независимые рыночные замеры.","https://www2.hm.com/nl_nl/productpage.1095302001.html","крупный ритейлер, локальная карточка товара","2026-09-15","Отзывы на локальной витрине H&M Group могут быть синдицированы; статус покупки не показан."
"VOC-035","Шерстяной шарф","& Other Stories Wool Fringe Scarf","NL","4","4.7","19","2023-11-10","точная","Согреть шею и дополнить верхнюю одежду без лишнего объёма.","качество и сочетание с гардеробом","качество и цвет сами по себе хороши","оттенок не подходит человеку","смешанный","COLOR_MATCH|COLOR_MISMATCH","Цвет и качество хорошие, однако оттенок не подошёл.","точный пересказ на русском; исходный длинный текст не сохранён","не указан","hmNlWool","Повышенный: 4 отзывов взяты с одной карточки; это голоса, а не независимые рыночные замеры.","https://www2.hm.com/nl_nl/productpage.1095302001.html","крупный ритейлер, локальная карточка товара","2026-09-15","Отзывы на локальной витрине H&M Group могут быть синдицированы; статус покупки не показан."
"VOC-036","Кашемировый шарф","COS Cashmere Scarf","NL","3","4.7","6","2023-12-03","точная","Получить мягкое тепло у лица без зуда и лишнего веса.","визуально плотный премиальный шарф","материал приемлемого качества","фото завышает ощущение плотности","негатив","TOO_THIN|PHOTO_ACCURACY","Кашемир качественный, но заметно тоньше, чем выглядит на фото.","точный пересказ на русском; исходный длинный текст не сохранён","не указан","hmNlCosCashmere","Повышенный: 3 отзывов взяты с одной карточки; это голоса, а не независимые рыночные замеры.","https://www2.hm.com/nl_nl/productpage.1032425001.html","крупный ритейлер, локальная карточка товара","2026-09-15","Малая база отзывов; локальная витрина может показывать синдицированный пул."
"VOC-037","Кашемировый шарф","COS Cashmere Scarf","NL","5","4.7","6","2023-11-20","точная","Получить мягкое тепло у лица без зуда и лишнего веса.","мягкое тепло в сдержанном формате","мягкость, тепло и компактность","","позитив","SOFTNESS|WARMTH|SIZE_FIT","Мягкий, тёплый и аккуратный по размеру.","точный пересказ на русском; исходный длинный текст не сохранён","не указан","hmNlCosCashmere","Повышенный: 3 отзывов взяты с одной карточки; это голоса, а не независимые рыночные замеры.","https://www2.hm.com/nl_nl/productpage.1032425001.html","крупный ритейлер, локальная карточка товара","2026-09-15","Малая база отзывов; локальная витрина может показывать синдицированный пул."
"VOC-038","Кашемировый шарф","COS Cashmere Scarf","NL","5","4.7","6","2024-02-14","точная","Получить мягкое тепло у лица без зуда и лишнего веса.","тактильность и тепло кашемира","мягкость и тепло","","позитив","SOFTNESS|WARMTH","Очень мягкий и хорошо сохраняет тепло.","точный пересказ на русском; исходный длинный текст не сохранён","не указан","hmNlCosCashmere","Повышенный: 3 отзывов взяты с одной карточки; это голоса, а не независимые рыночные замеры.","https://www2.hm.com/nl_nl/productpage.1032425001.html","крупный ритейлер, локальная карточка товара","2026-09-15","Малая база отзывов; локальная витрина может показывать синдицированный пул."
"VOC-039","Кашемировый шарф","H&M Cashmere Scarf","NL","5","4.4","33","2023-08-07","точная","Получить мягкое тепло у лица без зуда и лишнего веса.","кашемир без раздражения кожи","тонкий материал остаётся тёплым и не колется","не хватает ярких оттенков","смешанный","LOW_ITCH|WARMTH|COLOR_MISMATCH","Не колется: тонкий, но тёплый; хочется ярче цветов.","точный пересказ на русском; исходный длинный текст не сохранён","не указан","hmNlCashmere","Повышенный: 4 отзывов взяты с одной карточки; это голоса, а не независимые рыночные замеры.","https://www2.hm.com/nl_nl/productpage.1021270001.html","крупный ритейлер, локальная карточка товара","2026-09-15","Отзывы на локальной витрине могут быть синдицированы; статус покупки не показан."
"VOC-040","Кашемировый шарф","H&M Cashmere Scarf","NL","3","4.4","33","2023-10-24","точная","Получить мягкое тепло у лица без зуда и лишнего веса.","плотность и точный цвет с карточки","","не совпали толщина и оттенок","негатив","TOO_THIN|COLOR_MISMATCH|PHOTO_ACCURACY","Слишком тонкий, а оттенок темнее и серее фотографии.","точный пересказ на русском; исходный длинный текст не сохранён","не указан","hmNlCashmere","Повышенный: 4 отзывов взяты с одной карточки; это голоса, а не независимые рыночные замеры.","https://www2.hm.com/nl_nl/productpage.1021270001.html","крупный ритейлер, локальная карточка товара","2026-09-15","Отзывы на локальной витрине могут быть синдицированы; статус покупки не показан."
"VOC-041","Кашемировый шарф","H&M Cashmere Scarf","NL","4","4.4","33","2022-02-16","точная","Получить мягкое тепло у лица без зуда и лишнего веса.","кашемировое качество и цвет","материал и оттенок понравились","товар тоньше ожиданий","смешанный","TOO_THIN|COLOR_MATCH","Качество и цвет хороши, но ожидалась большая плотность.","точный пересказ на русском; исходный длинный текст не сохранён","не указан","hmNlCashmere","Повышенный: 4 отзывов взяты с одной карточки; это голоса, а не независимые рыночные замеры.","https://www2.hm.com/nl_nl/productpage.1021270001.html","крупный ритейлер, локальная карточка товара","2026-09-15","Отзывы на локальной витрине могут быть синдицированы; статус покупки не показан."
"VOC-042","Кашемировый шарф","H&M Cashmere Scarf","NL","5","4.4","33","2021-12-10","точная","Получить мягкое тепло у лица без зуда и лишнего веса.","полный формат и ощущение ресурса","мягкость, плотность и хороший размер","","позитив","SOFTNESS|THICKNESS|SIZE_FIT|DURABILITY","Мягкий, плотный, широкий и длинный; выглядит долговечным.","точный пересказ на русском; исходный длинный текст не сохранён","не указан","hmNlCashmere","Повышенный: 4 отзывов взяты с одной карточки; это голоса, а не независимые рыночные замеры.","https://www2.hm.com/nl_nl/productpage.1021270001.html","крупный ритейлер, локальная карточка товара","2026-09-15","Отзывы на локальной витрине могут быть синдицированы; статус покупки не показан."
"VOC-043","Плед из шерсти яка","Yumeko Deken Yak Wol Dark Brown","NL","","4.9","10","2026-08-09","точная","Получить лёгкое и очень тёплое укрытие для дивана или кровати.","роскошная тактильность, тепло и вид в интерьере","сочетает лёгкость, тепло и декоративность","высокая цена","смешанный","SOFTNESS|WARMTH|INTERIOR|PREMIUM_PRICE","Очень мягкий, лёгкий и тёплый; красиво лежит на диване.","точный пересказ на русском; исходный длинный текст не сохранён","не указан","yumekoNlYak","Повышенный: 6 отзывов взяты с одной карточки; это голоса, а не независимые рыночные замеры.","https://www.yumeko.nl/deken-yak-wol-dark-brown","официальная карточка бренда","2026-09-15","Проверенность покупки не указана; выборка одной карточки и не содержит данных о продажах."
"VOC-044","Плед из шерсти яка","Yumeko Deken Yak Wol Dark Brown","NL","","4.9","10","2026-05-06","точная","Получить лёгкое и очень тёплое укрытие для дивана или кровати.","комфорт кожи, этичность и долгий срок службы","лёгкость и отсутствие зуда","высокая цена","смешанный","LOW_ITCH|ETHICS|DURABILITY|PREMIUM_PRICE","Не колется и мало весит; высокая цена оправдана этичностью.","точный пересказ на русском; исходный длинный текст не сохранён","не указан","yumekoNlYak","Повышенный: 6 отзывов взяты с одной карточки; это голоса, а не независимые рыночные замеры.","https://www.yumeko.nl/deken-yak-wol-dark-brown","официальная карточка бренда","2026-09-15","Проверенность покупки не указана; выборка одной карточки и не содержит данных о продажах."
"VOC-045","Плед из шерсти яка","Yumeko Deken Yak Wol Dark Brown","NL","","4.9","10","2025-01-11","точная","Получить лёгкое и очень тёплое укрытие для дивана или кровати.","редкое волокно и качество","материал понравился","недостаточный размер и высокая цена","смешанный","SIZE_SHORT|PREMIUM_PRICE|QUALITY_CONSISTENCY","Качество отличное, но размер маловат, а цена высокая.","точный пересказ на русском; исходный длинный текст не сохранён","не указан","yumekoNlYak","Повышенный: 6 отзывов взяты с одной карточки; это голоса, а не независимые рыночные замеры.","https://www.yumeko.nl/deken-yak-wol-dark-brown","официальная карточка бренда","2026-09-15","Проверенность покупки не указана; выборка одной карточки и не содержит данных о продажах."
"VOC-046","Плед из шерсти яка","Yumeko Deken Yak Wol Dark Brown","NL","","4.9","10","2023-12-02","точная","Получить лёгкое и очень тёплое укрытие для дивана или кровати.","максимум тепла без тяжести","мягкий, лёгкий и тёплый","","позитив","SOFTNESS|WARMTH","Лёгкий и очень тёплый плед с мягким касанием.","точный пересказ на русском; исходный длинный текст не сохранён","не указан","yumekoNlYak","Повышенный: 6 отзывов взяты с одной карточки; это голоса, а не независимые рыночные замеры.","https://www.yumeko.nl/deken-yak-wol-dark-brown","официальная карточка бренда","2026-09-15","Проверенность покупки не указана; выборка одной карточки и не содержит данных о продажах."
"VOC-047","Плед из шерсти яка","Yumeko Deken Yak Wol Dark Brown","NL","","4.9","10","2023-01-06","точная","Получить лёгкое и очень тёплое укрытие для дивана или кровати.","долговечное домашнее тепло","греет и остаётся красивым","","позитив","WARMTH|DURABILITY","Долго сохраняет тепло и внешний вид.","точный пересказ на русском; исходный длинный текст не сохранён","не указан","yumekoNlYak","Повышенный: 6 отзывов взяты с одной карточки; это голоса, а не независимые рыночные замеры.","https://www.yumeko.nl/deken-yak-wol-dark-brown","официальная карточка бренда","2026-09-15","Проверенность покупки не указана; выборка одной карточки и не содержит данных о продажах."
"VOC-048","Плед из шерсти яка","Yumeko Deken Yak Wol Dark Brown","NL","","4.9","10","2015-11-26","точная","Получить лёгкое и очень тёплое укрытие для дивана или кровати.","размер для отдыха на диване","удобно полностью укутаться","занимает много места в сложенном виде","смешанный","SIZE_FIT|INTERIOR","Размер удобен для укутывания, но сложенный плед объёмный.","точный пересказ на русском; исходный длинный текст не сохранён","не указан","yumekoNlYak","Повышенный: 6 отзывов взяты с одной карточки; это голоса, а не независимые рыночные замеры.","https://www.yumeko.nl/deken-yak-wol-dark-brown","официальная карточка бренда","2026-09-15","Проверенность покупки не указана; выборка одной карточки и не содержит данных о продажах."
"VOC-049","Шерстяной / мериносовый плед","IKEA MOALIE 100% wool throw","NL","5","4.6","7","","не показана","Утеплиться дома и добавить натуральную фактуру интерьеру.","мягкость натуральной шерсти","приятная тактильность и качество","","позитив","SOFTNESS|NATURAL_FIBER","Очень мягкий плед хорошего качества.","точный пересказ на русском; исходный длинный текст не сохранён","не указан","ikeaNlMoalie","Повышенный: 4 отзывов взяты с одной карточки; это голоса, а не независимые рыночные замеры.","https://www.ikea.com/nl/nl/p/moalie-plaid-grijs-50354107/","крупный ритейлер, локальная карточка товара","2026-09-15","Дата публикации не показана; часть отзывов может быть синдицирована между рынками."
"VOC-050","Шерстяной / мериносовый плед","IKEA MOALIE 100% wool throw","NL","5","4.6","7","","не показана","Утеплиться дома и добавить натуральную фактуру интерьеру.","домашнее тепло из натурального материала","греет в холодную погоду","","позитив","WARMTH|NATURAL_FIBER","Натуральная шерсть помогает пережить холодные дни.","точный пересказ на русском; исходный длинный текст не сохранён","не указан","ikeaNlMoalie","Повышенный: 4 отзывов взяты с одной карточки; это голоса, а не независимые рыночные замеры.","https://www.ikea.com/nl/nl/p/moalie-plaid-grijs-50354107/","крупный ритейлер, локальная карточка товара","2026-09-15","Дата публикации не показана; часть отзывов может быть синдицирована между рынками."
"VOC-051","Шерстяной / мериносовый плед","IKEA MOALIE 100% wool throw","NL","3","4.6","7","","не показана","Утеплиться дома и добавить натуральную фактуру интерьеру.","натуральная шерсть для регулярного домашнего использования","","домашняя стирка запрещена","негатив","CARE_LIMIT","Главный минус: плед нельзя постирать дома.","точный пересказ на русском; исходный длинный текст не сохранён","не указан","ikeaNlMoalie","Повышенный: 4 отзывов взяты с одной карточки; это голоса, а не независимые рыночные замеры.","https://www.ikea.com/nl/nl/p/moalie-plaid-grijs-50354107/","крупный ритейлер, локальная карточка товара","2026-09-15","Дата публикации не показана; часть отзывов может быть синдицирована между рынками."
"VOC-052","Шерстяной / мериносовый плед","IKEA MOALIE 100% wool throw","NL","5","4.6","7","","не показана","Утеплиться дома и добавить натуральную фактуру интерьеру.","тепло и понятная ценность","качество соответствует стоимости","","позитив","WARMTH|PRICE_VALUE","Тёплый и качественный, соответствует ожиданиям по цене.","точный пересказ на русском; исходный длинный текст не сохранён","не указан","ikeaNlMoalie","Повышенный: 4 отзывов взяты с одной карточки; это голоса, а не независимые рыночные замеры.","https://www.ikea.com/nl/nl/p/moalie-plaid-grijs-50354107/","крупный ритейлер, локальная карточка товара","2026-09-15","Дата публикации не показана; часть отзывов может быть синдицирована между рынками."
"VOC-053","Кашемировый шарф","H&M Cashmere Scarf","BE","3","4.7","7","2022-12-04","точная","Получить мягкое тепло у лица без зуда и лишнего веса.","плотный кашемировый шарф","","визуальная карточка завысила ожидание толщины","негатив","TOO_THIN|PHOTO_ACCURACY","На фото шарф кажется намного толще, поэтому покупка разочаровала.","точный пересказ на русском; исходный длинный текст не сохранён","не указан","hmBeCashmere","Повышенный: 3 отзывов взяты с одной карточки; это голоса, а не независимые рыночные замеры.","https://www2.hm.com/fr_be/productpage.1021270007.html","крупный ритейлер, локальная карточка товара","2026-09-15","Малая база отзывов; локальная витрина может показывать синдицированный пул."
"VOC-054","Кашемировый шарф","H&M Cashmere Scarf","BE","5","4.7","7","2021-12-05","точная","Получить мягкое тепло у лица без зуда и лишнего веса.","мягкое кашемировое тепло","приятный материал и тепло","недостаточная длина","смешанный","SIZE_SHORT|SOFTNESS|WARMTH","Слишком короткий, хотя мягкость и тепло почти идеальны.","точный пересказ на русском; исходный длинный текст не сохранён","не указан","hmBeCashmere","Повышенный: 3 отзывов взяты с одной карточки; это голоса, а не независимые рыночные замеры.","https://www2.hm.com/fr_be/productpage.1021270007.html","крупный ритейлер, локальная карточка товара","2026-09-15","Малая база отзывов; локальная витрина может показывать синдицированный пул."
"VOC-055","Кашемировый шарф","H&M Cashmere Scarf","BE","5","4.7","7","2022-02-06","точная","Получить мягкое тепло у лица без зуда и лишнего веса.","мягкость и тепло кашемира","приятен у кожи и греет","","позитив","SOFTNESS|WARMTH","Очень мягкий и тёплый шарф.","точный пересказ на русском; исходный длинный текст не сохранён","не указан","hmBeCashmere","Повышенный: 3 отзывов взяты с одной карточки; это голоса, а не независимые рыночные замеры.","https://www2.hm.com/fr_be/productpage.1021270007.html","крупный ритейлер, локальная карточка товара","2026-09-15","Малая база отзывов; локальная витрина может показывать синдицированный пул."
"VOC-056","Плед из шерсти яка","Allnatura Cordelia Yak Blanket","BE","","5","5","2026-04-29","точная","Получить лёгкое и очень тёплое укрытие для дивана или кровати.","ожидание премиального натурального пледа","полное соответствие ожиданиям","","позитив","QUALITY_CONSISTENCY","Плед полностью оправдал ожидания.","точный пересказ на русском; исходный длинный текст не сохранён","подтверждённая","allnaturaBeYak","Повышенный: 3 отзывов взяты с одной карточки; это голоса, а не независимые рыночные замеры.","https://www.allnatura.be/fr/p/couverture-en-poils-naturels-de-yack-cordelia-1090","официальная BE-карточка ритейлера","2026-09-15","Trusted Shops подтверждает покупку, но отзывы на BE-витрине могут быть переведены или синдицированы."
"VOC-057","Плед из шерсти яка","Allnatura Cordelia Yak Blanket","BE","","5","5","2024-12-02","точная","Получить лёгкое и очень тёплое укрытие для дивана или кровати.","сравнение натуральных премиальных волокон","як превзошёл альтернативные тонкорунные пледы","цена требует сравнения, но признана приемлемой","позитив","PRICE_VALUE|NATURAL_FIBER","Среди тонкорунных пледов вариант из яка оказался лучшим.","точный пересказ на русском; исходный длинный текст не сохранён","подтверждённая","allnaturaBeYak","Повышенный: 3 отзывов взяты с одной карточки; это голоса, а не независимые рыночные замеры.","https://www.allnatura.be/fr/p/couverture-en-poils-naturels-de-yack-cordelia-1090","официальная BE-карточка ритейлера","2026-09-15","Trusted Shops подтверждает покупку, но отзывы на BE-витрине могут быть переведены или синдицированы."
"VOC-058","Плед из шерсти яка","Allnatura Cordelia Yak Blanket","BE","","5","5","2018-04-24","точная","Получить лёгкое и очень тёплое укрытие для дивана или кровати.","подарок старшему человеку большого роста","подошёл по размеру, теплу и виду","","позитив","GIFT|WARMTH|SIZE_FIT|INTERIOR","Пожилому высокому человеку плед подошёл: тёплый и красивый.","точный пересказ на русском; исходный длинный текст не сохранён","подтверждённая","allnaturaBeYak","Повышенный: 3 отзывов взяты с одной карточки; это голоса, а не независимые рыночные замеры.","https://www.allnatura.be/fr/p/couverture-en-poils-naturels-de-yack-cordelia-1090","официальная BE-карточка ритейлера","2026-09-15","Trusted Shops подтверждает покупку, но отзывы на BE-витрине могут быть переведены или синдицированы."
"VOC-059","Шерстяной / мериносовый плед","IKEA STOCKHOLM 2025 wool/merino throw","BE","3","4.3","31","","не показана","Утеплиться дома и добавить натуральную фактуру интерьеру.","шерстяное тепло для дома","хорошо греет","оставляет слишком много ворса","смешанный","WARMTH|SHEDDING","Тёплый плед сильно линяет.","точный пересказ на русском; исходный длинный текст не сохранён","не указан","ikeaBeStockholm","Повышенный: 2 отзывов взяты с одной карточки; это голоса, а не независимые рыночные замеры.","https://www.ikea.com/be/nl/p/stockholm-2025-plaid-helderblauw-20592195/","крупный ритейлер, локальная карточка товара","2026-09-15","Дата публикации не показана; часть отзывов может быть синдицирована между рынками."
"VOC-060","Шерстяной / мериносовый плед","IKEA STOCKHOLM 2025 wool/merino throw","BE","4","4.3","31","","не показана","Утеплиться дома и добавить натуральную фактуру интерьеру.","яркий интерьерный акцент и семейный уют","работает как декор и тёплое укрытие","высокая цена","смешанный","INTERIOR|WARMTH|GIFT|PREMIUM_PRICE","Добавляет цвет интерьеру и уютен для заболевших внуков.","точный пересказ на русском; исходный длинный текст не сохранён","не указан","ikeaBeStockholm","Повышенный: 2 отзывов взяты с одной карточки; это голоса, а не независимые рыночные замеры.","https://www.ikea.com/be/nl/p/stockholm-2025-plaid-helderblauw-20592195/","крупный ритейлер, локальная карточка товара","2026-09-15","Дата публикации не показана; часть отзывов может быть синдицирована между рынками."
"VOC-061","Шерстяной шарф","& Other Stories Wool Fringe Scarf","DK","5","4.8","6","2023-10-08","точная","Согреть шею и дополнить верхнюю одежду без лишнего объёма.","максимальная мягкость натуральной шерсти","очень мягкое касание","","позитив","SOFTNESS|NATURAL_FIBER","Очень приятный шарф из самой мягкой шерсти.","точный пересказ на русском; исходный длинный текст не сохранён","не указан","hmDkWool","Повышенный: 2 отзывов взяты с одной карточки; это голоса, а не независимые рыночные замеры.","https://www2.hm.com/da_dk/productpage.1095302001.html","крупный ритейлер, локальная карточка товара","2026-09-15","Малая база отзывов; локальная витрина может показывать синдицированный пул."
"VOC-062","Шерстяной шарф","& Other Stories Wool Fringe Scarf","DK","5","4.8","6","2024-01-07","точная","Согреть шею и дополнить верхнюю одежду без лишнего объёма.","цвет как часть зимнего образа","оттенок и общий вид понравились","","позитив","COLOR_MATCH","Прекрасный шарф с привлекательным оттенком.","точный пересказ на русском; исходный длинный текст не сохранён","не указан","hmDkWool","Повышенный: 2 отзывов взяты с одной карточки; это голоса, а не независимые рыночные замеры.","https://www2.hm.com/da_dk/productpage.1095302001.html","крупный ритейлер, локальная карточка товара","2026-09-15","Малая база отзывов; локальная витрина может показывать синдицированный пул."
"VOC-063","Шерстяной / мериносовый плед","IKEA STOCKHOLM 2025 wool/merino throw","DK","5","4.2","39","","не показана","Утеплиться дома и добавить натуральную фактуру интерьеру.","натуральный подарок для нового дома","лёгкий, мягкий и не раздражает кожу","высокая цена","смешанный","LOW_ITCH|GIFT|PREMIUM_PRICE|SOFTNESS","Воздушный, лёгкий и не колется; дорогой, но достойный подарок.","точный пересказ на русском; исходный длинный текст не сохранён","не указан","ikeaDkStockholm","Один отзыв с карточки; остаётся риск самоотбора автора и нерепрезентативности.","https://www.ikea.com/dk/da/p/stockholm-2025-plaid-gron-50592194/","крупный ритейлер, локальная карточка товара","2026-09-15","Дата публикации не показана; часть отзывов может быть синдицирована между рынками."
"VOC-064","Шерстяной шарф","& Other Stories Wool Fringe Scarf","SE","4","4.8","49","2023-10-15","точная","Согреть шею и дополнить верхнюю одежду без лишнего объёма.","мягкость и тепло","приятен и хорошо греет","снятие ярлыка может повредить ткань","смешанный","SOFTNESS|WARMTH|DURABILITY","Шарф мягкий и тёплый, но ярлык пришит слишком туго.","точный пересказ на русском; исходный длинный текст не сохранён","не указан","hmSeWool","Повышенный: 7 отзывов взяты с одной карточки; это голоса, а не независимые рыночные замеры.","https://www2.hm.com/sv_se/productpage.1095302001.html","крупный ритейлер, локальная карточка товара","2026-09-15","Отзывы на локальной витрине H&M Group могут быть синдицированы; статус покупки не показан."
"VOC-065","Шаль / палантин","& Other Stories Wool Fringe Scarf","SE","5","4.8","49","2023-12-08","точная","Укутать плечи в прохладу и носить аксессуар несколькими способами.","большой формат и выбор цветов","удобно укутываться, есть намерение повторить покупку","","позитив","SIZE_FIT|VERSATILITY|REPEAT_BUY|COLOR_MATCH","Щедрый размер удобен для укутывания; хочется второй цвет.","точный пересказ на русском; исходный длинный текст не сохранён","не указан","hmSeWool","Повышенный: 7 отзывов взяты с одной карточки; это голоса, а не независимые рыночные замеры.","https://www2.hm.com/sv_se/productpage.1095302001.html","крупный ритейлер, локальная карточка товара","2026-09-15","Отзывы на локальной витрине H&M Group могут быть синдицированы; статус покупки не показан."
"VOC-066","Шаль / палантин","& Other Stories Wool Fringe Scarf","SE","5","4.8","49","2024-01-31","точная","Укутать плечи в прохладу и носить аксессуар несколькими способами.","плотность и двухцветный дизайн","подходит как плечевое укрытие","","позитив","THICKNESS|VERSATILITY|COLOR_MATCH","Плотный двухцветный шарф отлично работает как шаль на плечи.","точный пересказ на русском; исходный длинный текст не сохранён","не указан","hmSeWool","Повышенный: 7 отзывов взяты с одной карточки; это голоса, а не независимые рыночные замеры.","https://www2.hm.com/sv_se/productpage.1095302001.html","крупный ритейлер, локальная карточка товара","2026-09-15","Отзывы на локальной витрине H&M Group могут быть синдицированы; статус покупки не показан."
"VOC-067","Шерстяной шарф","& Other Stories Wool Fringe Scarf","SE","5","4.8","49","2023-10-20","точная","Согреть шею и дополнить верхнюю одежду без лишнего объёма.","комфорт и тепло","мягкость, уют и тепло","","позитив","SOFTNESS|WARMTH|PRICE_VALUE","Очень мягкий, тёплый и уютный; цена кажется оправданной.","точный пересказ на русском; исходный длинный текст не сохранён","не указан","hmSeWool","Повышенный: 7 отзывов взяты с одной карточки; это голоса, а не независимые рыночные замеры.","https://www2.hm.com/sv_se/productpage.1095302001.html","крупный ритейлер, локальная карточка товара","2026-09-15","Отзывы на локальной витрине H&M Group могут быть синдицированы; статус покупки не показан."
"VOC-068","Шерстяной шарф","& Other Stories Wool Fringe Scarf","SE","5","4.8","49","2024-10-25","точная","Согреть шею и дополнить верхнюю одежду без лишнего объёма.","чистая носка без линьки","мало ворса и приятное ощущение","","позитив","SHEDDING|SOFTNESS","Уютный шарф почти не оставляет ворса.","точный пересказ на русском; исходный длинный текст не сохранён","не указан","hmSeWool","Повышенный: 7 отзывов взяты с одной карточки; это голоса, а не независимые рыночные замеры.","https://www2.hm.com/sv_se/productpage.1095302001.html","крупный ритейлер, локальная карточка товара","2026-09-15","Отзывы на локальной витрине H&M Group могут быть синдицированы; статус покупки не показан."
"VOC-069","Шерстяной шарф","& Other Stories Wool Fringe Scarf","SE","5","4.8","49","2024-09-17","точная","Согреть шею и дополнить верхнюю одежду без лишнего объёма.","точное соответствие карточке","цвет и мягкость ожидаемые","","позитив","SOFTNESS|COLOR_MATCH|PHOTO_ACCURACY","Мягкость и цвет совпали с ожиданиями по фото.","точный пересказ на русском; исходный длинный текст не сохранён","не указан","hmSeWool","Повышенный: 7 отзывов взяты с одной карточки; это голоса, а не независимые рыночные замеры.","https://www2.hm.com/sv_se/productpage.1095302001.html","крупный ритейлер, локальная карточка товара","2026-09-15","Отзывы на локальной витрине H&M Group могут быть синдицированы; статус покупки не показан."
"VOC-070","Шаль / палантин","& Other Stories Wool Fringe Scarf","SE","4","4.8","49","2024-12-02","точная","Укутать плечи в прохладу и носить аксессуар несколькими способами.","большой размер без тяжёлого объёма","удачный баланс размера и толщины","","позитив","SIZE_FIT|THICKNESS|VERSATILITY","Большой и приятный, при этом не слишком толстый.","точный пересказ на русском; исходный длинный текст не сохранён","не указан","hmSeWool","Повышенный: 7 отзывов взяты с одной карточки; это голоса, а не независимые рыночные замеры.","https://www2.hm.com/sv_se/productpage.1095302001.html","крупный ритейлер, локальная карточка товара","2026-09-15","Отзывы на локальной витрине H&M Group могут быть синдицированы; статус покупки не показан."
"VOC-071","Шерстяной / мериносовый плед","IKEA MOALIE wool throw","SE","5","4.4","56","","не показана","Утеплиться дома и добавить натуральную фактуру интерьеру.","100% шерсть по доступной цене","мягкость и качество выше ожиданий","","позитив","SOFTNESS|PRICE_VALUE|NATURAL_FIBER","Мягкая шерсть удивляет качеством за эту цену.","точный пересказ на русском; исходный длинный текст не сохранён","не указан","ikeaSeMoalie","Один отзыв с карточки; остаётся риск самоотбора автора и нерепрезентативности.","https://www.ikea.com/se/en/p/moalie-throw-dark-red-brown-20651646/","крупный ритейлер, локальная карточка товара","2026-09-15","Дата публикации не показана; часть отзывов может быть синдицирована между рынками."
"VOC-072","Шерстяной шарф","& Other Stories Wool Fringe Scarf","PL","4","4.8","31","2026-01-26","точная","Согреть шею и дополнить верхнюю одежду без лишнего объёма.","тепло, мягкость и красный оттенок","мягкий, плотный и тёплый","цвет холоднее и фиолетовее ожидаемого","смешанный","SOFTNESS|WARMTH|COLOR_MISMATCH|THICKNESS","Мягкий, толстый и тёплый, но цвет скорее сливовый.","точный пересказ на русском; исходный длинный текст не сохранён","не указан","hmPlWool","Повышенный: 5 отзывов взяты с одной карточки; это голоса, а не независимые рыночные замеры.","https://www2.hm.com/pl_pl/productpage.1095302001.html","крупный ритейлер, локальная карточка товара","2026-09-15","Отзывы на локальной витрине H&M Group могут быть синдицированы; статус покупки не показан."
"VOC-073","Шаль / палантин","& Other Stories Wool Fringe Scarf","PL","4","4.8","31","2025-12-15","точная","Укутать плечи в прохладу и носить аксессуар несколькими способами.","большой размер и комфорт у кожи","не колется, размер позволяет сложить","тонкость и высокая цена","смешанный","LOW_ITCH|SIZE_FIT|TOO_THIN|PREMIUM_PRICE","Не колется и хорошо складывается, однако тонковат и дорог.","точный пересказ на русском; исходный длинный текст не сохранён","не указан","hmPlWool","Повышенный: 5 отзывов взяты с одной карточки; это голоса, а не независимые рыночные замеры.","https://www2.hm.com/pl_pl/productpage.1095302001.html","крупный ритейлер, локальная карточка товара","2026-09-15","Отзывы на локальной витрине H&M Group могут быть синдицированы; статус покупки не показан."
"VOC-074","Шаль / палантин","& Other Stories Wool Fringe Scarf","PL","5","4.8","31","2025-11-11","точная","Укутать плечи в прохладу и носить аксессуар несколькими способами.","натуральный состав и большой формат","мягкость, тепло и размер","","позитив","SOFTNESS|WARMTH|SIZE_FIT|NATURAL_FIBER","Очень большой, мягкий и тёплый; состав считают идеальным.","точный пересказ на русском; исходный длинный текст не сохранён","не указан","hmPlWool","Повышенный: 5 отзывов взяты с одной карточки; это голоса, а не независимые рыночные замеры.","https://www2.hm.com/pl_pl/productpage.1095302001.html","крупный ритейлер, локальная карточка товара","2026-09-15","Отзывы на локальной витрине H&M Group могут быть синдицированы; статус покупки не показан."
"VOC-075","Шерстяной шарф","& Other Stories Wool Fringe Scarf","PL","5","4.8","31","2024-11-20","точная","Согреть шею и дополнить верхнюю одежду без лишнего объёма.","универсальный чёрный цвет и комфорт","не колется, греет и не громоздкий","","позитив","LOW_ITCH|WARMTH|THICKNESS|COLOR_MATCH","Чёрный шарф не колется, тёплый и удачной толщины.","точный пересказ на русском; исходный длинный текст не сохранён","не указан","hmPlWool","Повышенный: 5 отзывов взяты с одной карточки; это голоса, а не независимые рыночные замеры.","https://www2.hm.com/pl_pl/productpage.1095302001.html","крупный ритейлер, локальная карточка товара","2026-09-15","Отзывы на локальной витрине H&M Group могут быть синдицированы; статус покупки не показан."
"VOC-076","Шаль / палантин","& Other Stories Wool Fringe Scarf","PL","5","4.8","31","2026-03-20","точная","Укутать плечи в прохладу и носить аксессуар несколькими способами.","удобное укутывание","толщина и размер работают вместе","","позитив","SIZE_FIT|THICKNESS|VERSATILITY","Удобно оборачивается благодаря правильной толщине и размеру.","точный пересказ на русском; исходный длинный текст не сохранён","не указан","hmPlWool","Повышенный: 5 отзывов взяты с одной карточки; это голоса, а не независимые рыночные замеры.","https://www2.hm.com/pl_pl/productpage.1095302001.html","крупный ритейлер, локальная карточка товара","2026-09-15","Отзывы на локальной витрине H&M Group могут быть синдицированы; статус покупки не показан."
"VOC-077","Кашемировый шарф","H&M Cashmere Scarf","PL","5","4.7","119","2022-11-11","точная","Получить мягкое тепло у лица без зуда и лишнего веса.","долговечность натурального материала","ожидается меньший быстрый пилинг, чем у акрила","более высокая первоначальная цена","смешанный","NATURAL_FIBER|DURABILITY|PILLING|PRICE_VALUE","Кашемир воспринимают как долгую инвестицию вместо акрила.","точный пересказ на русском; исходный длинный текст не сохранён","не указан","hmPlCashmere","Повышенный: 2 отзывов взяты с одной карточки; это голоса, а не независимые рыночные замеры.","https://www2.hm.com/pl_pl/productpage.1021270004.html","крупный ритейлер, локальная карточка товара","2026-09-15","Отзывы на локальной витрине могут быть синдицированы; статус покупки не показан."
"VOC-078","Кашемировый шарф","H&M Cashmere Scarf","PL","5","4.7","119","2026-01-05","точная","Получить мягкое тепло у лица без зуда и лишнего веса.","драпировка, нейтральный цвет и средняя плотность","удачно лежит и имеет сбалансированную толщину","лёгкий коричневый подтон","позитив","COLOR_MATCH|THICKNESS|VERSATILITY","Хорошо драпируется; коричневатый тон и толщина сбалансированы.","точный пересказ на русском; исходный длинный текст не сохранён","не указан","hmPlCashmere","Повышенный: 2 отзывов взяты с одной карточки; это голоса, а не независимые рыночные замеры.","https://www2.hm.com/pl_pl/productpage.1021270004.html","крупный ритейлер, локальная карточка товара","2026-09-15","Отзывы на локальной витрине могут быть синдицированы; статус покупки не показан."
"VOC-079","Шерстяной / мериносовый плед","IKEA STOCKHOLM 2025 wool/merino throw","PL","5","4.5","8","","не показана","Утеплиться дома и добавить натуральную фактуру интерьеру.","натуральный материал для ежедневного дома","греет и ощущается практичным","","позитив","WARMTH|NATURAL_FIBER","Тёплый, практичный плед с натуральным составом.","точный пересказ на русском; исходный длинный текст не сохранён","не указан","ikeaPlStockholm","Повышенный: 5 отзывов взяты с одной карточки; это голоса, а не независимые рыночные замеры.","https://www.ikea.com/pl/pl/p/stockholm-2025-pled-zielony-50592194/","крупный ритейлер, локальная карточка товара","2026-09-15","Дата публикации не показана; база из восьми оценок ограничивает обобщение."
"VOC-080","Шерстяной / мериносовый плед","IKEA STOCKHOLM 2025 wool/merino throw","PL","1","4.5","8","","не показана","Утеплиться дома и добавить натуральную фактуру интерьеру.","долговечный плед для вечернего использования","","сильный пилинг и неудовлетворительное решение претензии","негатив","PILLING|DURABILITY|COMPLAINT_SERVICE","Через месяц плед покрылся катышками; жалобу решили плохо.","точный пересказ на русском; исходный длинный текст не сохранён","не указан","ikeaPlStockholm","Повышенный: 5 отзывов взяты с одной карточки; это голоса, а не независимые рыночные замеры.","https://www.ikea.com/pl/pl/p/stockholm-2025-pled-zielony-50592194/","крупный ритейлер, локальная карточка товара","2026-09-15","Дата публикации не показана; база из восьми оценок ограничивает обобщение."
"VOC-081","Шерстяной / мериносовый плед","IKEA STOCKHOLM 2025 wool/merino throw","PL","5","4.5","8","","не показана","Утеплиться дома и добавить натуральную фактуру интерьеру.","тепло и эмоционально приятный цвет","греет и создаёт сезонное настроение","","позитив","WARMTH|COLOR_MATCH|INTERIOR","Согревает холодными вечерами, а цвет напоминает лето.","точный пересказ на русском; исходный длинный текст не сохранён","не указан","ikeaPlStockholm","Повышенный: 5 отзывов взяты с одной карточки; это голоса, а не независимые рыночные замеры.","https://www.ikea.com/pl/pl/p/stockholm-2025-pled-zielony-50592194/","крупный ритейлер, локальная карточка товара","2026-09-15","Дата публикации не показана; база из восьми оценок ограничивает обобщение."
"VOC-082","Шерстяной / мериносовый плед","IKEA STOCKHOLM 2025 wool/merino throw","PL","5","4.5","8","","не показана","Утеплиться дома и добавить натуральную фактуру интерьеру.","цвет и фактура в интерьере","выглядит лучше вживую","первичный фабричный запах","смешанный","INTERIOR|ODOR","Красив вживую, но требует проветривания из-за фабричного запаха.","точный пересказ на русском; исходный длинный текст не сохранён","не указан","ikeaPlStockholm","Повышенный: 5 отзывов взяты с одной карточки; это голоса, а не независимые рыночные замеры.","https://www.ikea.com/pl/pl/p/stockholm-2025-pled-zielony-50592194/","крупный ритейлер, локальная карточка товара","2026-09-15","Дата публикации не показана; база из восьми оценок ограничивает обобщение."
"VOC-083","Шерстяной / мериносовый плед","IKEA STOCKHOLM 2025 wool/merino throw","PL","5","4.5","8","","не показана","Утеплиться дома и добавить натуральную фактуру интерьеру.","натуральный состав по доступной цене","мягкость и соотношение цены и состава","","позитив","SOFTNESS|PRICE_VALUE|NATURAL_FIBER","Хороший состав, мягкость и конкурентная цена.","точный пересказ на русском; исходный длинный текст не сохранён","не указан","ikeaPlStockholm","Повышенный: 5 отзывов взяты с одной карточки; это голоса, а не независимые рыночные замеры.","https://www.ikea.com/pl/pl/p/stockholm-2025-pled-zielony-50592194/","крупный ритейлер, локальная карточка товара","2026-09-15","Дата публикации не показана; база из восьми оценок ограничивает обобщение."
"VOC-084","Шерстяной шарф","& Other Stories Wool Fringe Scarf","FI","3","4.7","9","2023-01-06","точная","Согреть шею и дополнить верхнюю одежду без лишнего объёма.","мягкая шерсть и носимый оранжевый цвет","материал понравился","слишком кричащий цвет привёл к возврату","смешанный","SOFTNESS|COLOR_MISMATCH","Материал приятный, но оранжевый оттенок оказался слишком ярким.","точный пересказ на русском; исходный длинный текст не сохранён","не указан","hmFiWool","Повышенный: 2 отзывов взяты с одной карточки; это голоса, а не независимые рыночные замеры.","https://www2.hm.com/fi_fi/productpage.1095302001.html","крупный ритейлер, локальная карточка товара","2026-09-15","Малая база отзывов; локальная витрина может показывать синдицированный пул."
"VOC-085","Шерстяной шарф","& Other Stories Wool Fringe Scarf","FI","5","4.7","9","2023-12-29","точная","Согреть шею и дополнить верхнюю одежду без лишнего объёма.","поиск надёжного любимого зимнего аксессуара","максимальное общее удовлетворение","","позитив","REPEAT_BUY|QUALITY_CONSISTENCY","Лучший шарф из всех прежних покупок.","точный пересказ на русском; исходный длинный текст не сохранён","не указан","hmFiWool","Повышенный: 2 отзывов взяты с одной карточки; это голоса, а не независимые рыночные замеры.","https://www2.hm.com/fi_fi/productpage.1095302001.html","крупный ритейлер, локальная карточка товара","2026-09-15","Малая база отзывов; локальная витрина может показывать синдицированный пул."
"VOC-086","Шерстяной / мериносовый плед","IKEA STOCKHOLM 2025 wool/merino throw","FI","5","4.2","39","","не показана","Утеплиться дома и добавить натуральную фактуру интерьеру.","натуральный состав и совпадение с интерьером","без синтетики, подходит по цвету","","позитив","NATURAL_FIBER|INTERIOR|COLOR_MATCH","Натуральный шерстяной плед хорошо сочетается с диваном.","точный пересказ на русском; исходный длинный текст не сохранён","не указан","ikeaFiStockholm","Один отзыв с карточки; остаётся риск самоотбора автора и нерепрезентативности.","https://www.ikea.com/fi/fi/p/stockholm-2025-huopa-kirkkaanoranssi-80592201/","крупный ритейлер, локальная карточка товара","2026-09-15","Дата публикации не показана; часть отзывов может быть синдицирована между рынками."
"VOC-087","Шерстяные / мериносовые носки","Varusteleka ohuet merinovillasukat","FI","5","4.45","33","8 месяцев назад","относительная","Сохранять тепло и комфорт ног при ходьбе, работе или поездках.","универсальность для офиса и многослойной носки","работают отдельно и под более тёплой парой","","позитив","LAYERING|VERSATILITY","Подходят для офиса и как тонкий слой под более тёплые носки.","точный пересказ на русском; исходный длинный текст не сохранён","подтверждённая","varFiThinSocks","Повышенный: 5 отзывов взяты с одной карточки; это голоса, а не независимые рыночные замеры.","https://varusteleka.com/products/varusteleka-ohuet-merinovillasukat-fi","официальная локальная карточка бренда","2026-09-15","FI-витрина использует общий международный пул отзывов; дата показана относительно, страна автора не указана."
"VOC-088","Шерстяные / мериносовые носки","Varusteleka ohuet merinovillasukat","FI","5","4.45","33","4 дня назад","относительная","Сохранять тепло и комфорт ног при ходьбе, работе или поездках.","контроль запаха при регулярной носке","не накапливают запах и ощущаются достаточно прочными","","позитив","NO_ODOR|DURABILITY","Тонкие, не пахнут и достаточно хорошо выдерживают носку.","точный пересказ на русском; исходный длинный текст не сохранён","подтверждённая","varFiThinSocks","Повышенный: 5 отзывов взяты с одной карточки; это голоса, а не независимые рыночные замеры.","https://varusteleka.com/products/varusteleka-ohuet-merinovillasukat-fi","официальная локальная карточка бренда","2026-09-15","FI-витрина использует общий международный пул отзывов; дата показана относительно, страна автора не указана."
"VOC-089","Шерстяные / мериносовые носки","Varusteleka ohuet merinovillasukat","FI","5","4.45","33","21 день назад","относительная","Сохранять тепло и комфорт ног при ходьбе, работе или поездках.","не раскрыт","максимальная общая оценка","","позитив","","Называет их лучшими носками без дополнительных пояснений.","точный пересказ на русском; исходный длинный текст не сохранён","подтверждённая","varFiThinSocks","Повышенный: 5 отзывов взяты с одной карточки; это голоса, а не независимые рыночные замеры.","https://varusteleka.com/products/varusteleka-ohuet-merinovillasukat-fi","официальная локальная карточка бренда","2026-09-15","FI-витрина использует общий международный пул отзывов; дата показана относительно, страна автора не указана."
"VOC-090","Шерстяные / мериносовые носки","Varusteleka ohuet merinovillasukat","FI","4","4.45","33","1 месяц назад","относительная","Сохранять тепло и комфорт ног при ходьбе, работе или поездках.","длинная ходьба и многослойная носка","не скатываются и не сползают под второй парой","слишком короткие для маршей","смешанный","SIZE_SHORT|LAYERING|ACTIVE_USE|SIZE_FIT","Коротковаты для маршей, но под второй парой не скатываются.","точный пересказ на русском; исходный длинный текст не сохранён","подтверждённая","varFiThinSocks","Повышенный: 5 отзывов взяты с одной карточки; это голоса, а не независимые рыночные замеры.","https://varusteleka.com/products/varusteleka-ohuet-merinovillasukat-fi","официальная локальная карточка бренда","2026-09-15","FI-витрина использует общий международный пул отзывов; дата показана относительно, страна автора не указана."
"VOC-091","Шерстяные / мериносовые носки","Varusteleka ohuet merinovillasukat","FI","5","4.45","33","2 месяца назад","относительная","Сохранять тепло и комфорт ног при ходьбе, работе или поездках.","не раскрыт","высокая оценка без пояснения","","позитив","","Пять звёзд без содержательного комментария.","точный пересказ на русском; исходный длинный текст не сохранён","подтверждённая","varFiThinSocks","Повышенный: 5 отзывов взяты с одной карточки; это голоса, а не независимые рыночные замеры.","https://varusteleka.com/products/varusteleka-ohuet-merinovillasukat-fi","официальная локальная карточка бренда","2026-09-15","FI-витрина использует общий международный пул отзывов; дата показана относительно, страна автора не указана."
"VOC-092","Шерстяные / мериносовые носки","Varusteleka retkeilysukat, merinovillaa","FI","5","4.93","76","1 месяц назад","относительная","Сохранять тепло и комфорт ног при ходьбе, работе или поездках.","долгие походы без мозолей и быстрого износа","ресурс свыше тысячи километров и отсутствие мозолей","","позитив","DURABILITY|ACTIVE_USE|SIZE_FIT","После тысячи километров выглядят новыми и не вызывают мозолей.","точный пересказ на русском; исходный длинный текст не сохранён","подтверждённая","varFiHikingSocks","Повышенный: 5 отзывов взяты с одной карточки; это голоса, а не независимые рыночные замеры.","https://varusteleka.com/products/varusteleka-retkeilysukat-merinovillaa-fi","официальная локальная карточка бренда","2026-09-15","FI-витрина использует общий международный пул отзывов; дата показана относительно, страна автора не указана."
"VOC-093","Шерстяные / мериносовые носки","Varusteleka retkeilysukat, merinovillaa","FI","5","4.93","76","5 месяцев назад","относительная","Сохранять тепло и комфорт ног при ходьбе, работе или поездках.","походный комфорт","максимальная общая оценка","","позитив","","Коротко оценивает носки как превосходные.","точный пересказ на русском; исходный длинный текст не сохранён","подтверждённая","varFiHikingSocks","Повышенный: 5 отзывов взяты с одной карточки; это голоса, а не независимые рыночные замеры.","https://varusteleka.com/products/varusteleka-retkeilysukat-merinovillaa-fi","официальная локальная карточка бренда","2026-09-15","FI-витрина использует общий международный пул отзывов; дата показана относительно, страна автора не указана."
"VOC-094","Шерстяные / мериносовые носки","Varusteleka retkeilysukat, merinovillaa","FI","5","4.93","76","10 месяцев назад","относительная","Сохранять тепло и комфорт ног при ходьбе, работе или поездках.","надёжная пара для походов","сильное намерение повторной покупки","","позитив","ACTIVE_USE|REPEAT_BUY","Лучшие походные носки; точно купит их снова.","точный пересказ на русском; исходный длинный текст не сохранён","подтверждённая","varFiHikingSocks","Повышенный: 5 отзывов взяты с одной карточки; это голоса, а не независимые рыночные замеры.","https://varusteleka.com/products/varusteleka-retkeilysukat-merinovillaa-fi","официальная локальная карточка бренда","2026-09-15","FI-витрина использует общий международный пул отзывов; дата показана относительно, страна автора не указана."
"VOC-095","Шерстяные / мериносовые носки","Varusteleka retkeilysukat, merinovillaa","FI","5","4.93","76","3 дня назад","относительная","Сохранять тепло и комфорт ног при ходьбе, работе или поездках.","не раскрыт","максимальная общая оценка","","позитив","","Считает их лучшими без дополнительных деталей.","точный пересказ на русском; исходный длинный текст не сохранён","подтверждённая","varFiHikingSocks","Повышенный: 5 отзывов взяты с одной карточки; это голоса, а не независимые рыночные замеры.","https://varusteleka.com/products/varusteleka-retkeilysukat-merinovillaa-fi","официальная локальная карточка бренда","2026-09-15","FI-витрина использует общий международный пул отзывов; дата показана относительно, страна автора не указана."
"VOC-096","Шерстяные / мериносовые носки","Varusteleka retkeilysukat, merinovillaa","FI","5","4.93","76","8 дней назад","относительная","Сохранять тепло и комфорт ног при ходьбе, работе или поездках.","уют и тепло большую часть года","подходят для трёх сезонов","слишком жаркие и толстые летом","смешанный","WARMTH|THICKNESS|VERSATILITY","Очень уютные; летом жарко, зато идеальны для остальных сезонов.","точный пересказ на русском; исходный длинный текст не сохранён","подтверждённая","varFiHikingSocks","Повышенный: 5 отзывов взяты с одной карточки; это голоса, а не независимые рыночные замеры.","https://varusteleka.com/products/varusteleka-retkeilysukat-merinovillaa-fi","официальная локальная карточка бренда","2026-09-15","FI-витрина использует общий международный пул отзывов; дата показана относительно, страна автора не указана."
"VOC-097","Шерстяные / мериносовые носки","Varusteleka L1 alussukat, merinovillaa","FI","5","4.75","16","6 месяцев назад","относительная","Сохранять тепло и комфорт ног при ходьбе, работе или поездках.","точная посадка тонкой пары","размер и форма соответствуют ожиданиям","","позитив","SIZE_FIT","Посадка и форма полностью подходят.","точный пересказ на русском; исходный длинный текст не сохранён","подтверждённая","varFiLinerSocks","Повышенный: 5 отзывов взяты с одной карточки; это голоса, а не независимые рыночные замеры.","https://varusteleka.com/products/varusteleka-l1-alussukat-merinovillaa-fi","официальная локальная карточка бренда","2026-09-15","FI-витрина использует общий международный пул отзывов; дата показана относительно, страна автора не указана."
"VOC-098","Шерстяные / мериносовые носки","Varusteleka L1 alussukat, merinovillaa","FI","5","4.75","16","4 дня назад","относительная","Сохранять тепло и комфорт ног при ходьбе, работе или поездках.","тонкая пара без раннего износа","первичное ощущение качества и прочности","долговечность пока не подтверждена длительной ноской","смешанный","DURABILITY","Отлично ощущаются и не выглядят готовыми быстро развалиться.","точный пересказ на русском; исходный длинный текст не сохранён","подтверждённая","varFiLinerSocks","Повышенный: 5 отзывов взяты с одной карточки; это голоса, а не независимые рыночные замеры.","https://varusteleka.com/products/varusteleka-l1-alussukat-merinovillaa-fi","официальная локальная карточка бренда","2026-09-15","FI-витрина использует общий международный пул отзывов; дата показана относительно, страна автора не указана."
"VOC-099","Шерстяные / мериносовые носки","Varusteleka L1 alussukat, merinovillaa","FI","5","4.75","16","6 дней назад","относительная","Сохранять тепло и комфорт ног при ходьбе, работе или поездках.","универсальный слой для жары и двойной пары","универсальность, износостойкость и намерение купить снова","","позитив","LAYERING|ACTIVE_USE|DURABILITY|REPEAT_BUY","Работают вторым слоем и отдельно в жару, выдерживают активную носку.","точный пересказ на русском; исходный длинный текст не сохранён","подтверждённая","varFiLinerSocks","Повышенный: 5 отзывов взяты с одной карточки; это голоса, а не независимые рыночные замеры.","https://varusteleka.com/products/varusteleka-l1-alussukat-merinovillaa-fi","официальная локальная карточка бренда","2026-09-15","FI-витрина использует общий международный пул отзывов; дата показана относительно, страна автора не указана."
"VOC-100","Шерстяные / мериносовые носки","Varusteleka L1 alussukat, merinovillaa","FI","5","4.75","16","1 месяц назад","относительная","Сохранять тепло и комфорт ног при ходьбе, работе или поездках.","комфорт ног в тёплую погоду","комфортная прохлада","","позитив","SIZE_FIT|ACTIVE_USE","Удобные и достаточно прохладные для тёплой погоды.","точный пересказ на русском; исходный длинный текст не сохранён","подтверждённая","varFiLinerSocks","Повышенный: 5 отзывов взяты с одной карточки; это голоса, а не независимые рыночные замеры.","https://varusteleka.com/products/varusteleka-l1-alussukat-merinovillaa-fi","официальная локальная карточка бренда","2026-09-15","FI-витрина использует общий международный пул отзывов; дата показана относительно, страна автора не указана."
"VOC-101","Шерстяные / мериносовые носки","Varusteleka L1 alussukat, merinovillaa","FI","5","4.75","16","1 месяц назад","относительная","Сохранять тепло и комфорт ног при ходьбе, работе или поездках.","сухость и защита от мозолей в разную погоду","влагоотвод и комфорт при двойной носке","","позитив","LAYERING|ACTIVE_USE|SIZE_FIT","Отводят влагу, работают слоями и помогают избегать мозолей.","точный пересказ на русском; исходный длинный текст не сохранён","подтверждённая","varFiLinerSocks","Повышенный: 5 отзывов взяты с одной карточки; это голоса, а не независимые рыночные замеры.","https://varusteleka.com/products/varusteleka-l1-alussukat-merinovillaa-fi","официальная локальная карточка бренда","2026-09-15","FI-витрина использует общий международный пул отзывов; дата показана относительно, страна автора не указана."
"VOC-102","Перчатки из мериносовой шерсти","Varusteleka L1 aluskäsineet, merinovillaa","FI","5","4.78","40","2 месяца назад","относительная","Согреть руки отдельно или тонким утепляющим слоем.","посадка и дополнительное тепло","хорошая посадка и ощущение тепла","зимняя эффективность ещё не проверена","смешанный","SIZE_FIT|WARMTH","Хорошо сидят на руке и кажутся тёплыми.","точный пересказ на русском; исходный длинный текст не сохранён","подтверждённая","varFiLinerGloves","Повышенный: 5 отзывов взяты с одной карточки; это голоса, а не независимые рыночные замеры.","https://varusteleka.com/products/varusteleka-l1-aluskasineet-merinovillaa-fi","официальная локальная карточка бренда","2026-09-15","FI-витрина использует общий международный пул отзывов; дата показана относительно, страна автора не указана."
"VOC-103","Перчатки из мериносовой шерсти","Varusteleka L1 aluskäsineet, merinovillaa","FI","4","4.78","40","3 месяца назад","относительная","Согреть руки отдельно или тонким утепляющим слоем.","незаметный утепляющий слой под тесные перчатки","тонкость и удобство многослойной носки","скользят и быстро протираются","смешанный","LAYERING|DURABILITY","Тонкие и удобные под перчатками, но скользкие и быстро изнашиваются.","точный пересказ на русском; исходный длинный текст не сохранён","подтверждённая","varFiLinerGloves","Повышенный: 5 отзывов взяты с одной карточки; это голоса, а не независимые рыночные замеры.","https://varusteleka.com/products/varusteleka-l1-aluskasineet-merinovillaa-fi","официальная локальная карточка бренда","2026-09-15","FI-витрина использует общий международный пул отзывов; дата показана относительно, страна автора не указана."
"VOC-104","Перчатки из мериносовой шерсти","Varusteleka L1 aluskäsineet, merinovillaa","FI","5","4.78","40","3 месяца назад","относительная","Согреть руки отдельно или тонким утепляющим слоем.","простое дополнительное утепление рук","работают и сохраняют тепло","","позитив","WARMTH","Практичные и тёплые.","точный пересказ на русском; исходный длинный текст не сохранён","подтверждённая","varFiLinerGloves","Повышенный: 5 отзывов взяты с одной карточки; это голоса, а не независимые рыночные замеры.","https://varusteleka.com/products/varusteleka-l1-aluskasineet-merinovillaa-fi","официальная локальная карточка бренда","2026-09-15","FI-витрина использует общий международный пул отзывов; дата показана относительно, страна автора не указана."
"VOC-105","Перчатки из мериносовой шерсти","Varusteleka L1 aluskäsineet, merinovillaa","FI","5","4.78","40","6 месяцев назад","относительная","Согреть руки отдельно или тонким утепляющим слоем.","усилить тепло рабочих перчаток","совместимы с внешними перчатками и добавляют утепление","","позитив","LAYERING|WARMTH","Добавляют тепло под перчатками Mechanix FastFit.","точный пересказ на русском; исходный длинный текст не сохранён","подтверждённая","varFiLinerGloves","Повышенный: 5 отзывов взяты с одной карточки; это голоса, а не независимые рыночные замеры.","https://varusteleka.com/products/varusteleka-l1-aluskasineet-merinovillaa-fi","официальная локальная карточка бренда","2026-09-15","FI-витрина использует общий международный пул отзывов; дата показана относительно, страна автора не указана."
"VOC-106","Перчатки из мериносовой шерсти","Varusteleka L1 aluskäsineet, merinovillaa","FI","5","4.78","40","6 месяцев назад","относительная","Согреть руки отдельно или тонким утепляющим слоем.","не раскрыт","сильная рекомендация","","позитив","","Очень хорошие; покупку уверенно рекомендует.","точный пересказ на русском; исходный длинный текст не сохранён","подтверждённая","varFiLinerGloves","Повышенный: 5 отзывов взяты с одной карточки; это голоса, а не независимые рыночные замеры.","https://varusteleka.com/products/varusteleka-l1-aluskasineet-merinovillaa-fi","официальная локальная карточка бренда","2026-09-15","FI-витрина использует общий международный пул отзывов; дата показана относительно, страна автора не указана."
"VOC-107","Перчатки из мериносовой шерсти","Varusteleka merinokynsikkäät","FI","5","4.84","44","4 месяца назад","относительная","Согреть руки отдельно или тонким утепляющим слоем.","свобода пальцев без потери тепла ладоней","удобство и тепло","","позитив","WARMTH|SIZE_FIT","Очень удобные и тёплые.","точный пересказ на русском; исходный длинный текст не сохранён","подтверждённая","varFiFingerlessGloves","Повышенный: 5 отзывов взяты с одной карточки; это голоса, а не независимые рыночные замеры.","https://varusteleka.com/products/varusteleka-merinokynsikkaat-fi","официальная локальная карточка бренда","2026-09-15","FI-витрина использует общий международный пул отзывов; дата показана относительно, страна автора не указана."
"VOC-108","Перчатки из мериносовой шерсти","Varusteleka merinokynsikkäät","FI","5","4.84","44","5 месяцев назад","относительная","Согреть руки отдельно или тонким утепляющим слоем.","одна пара для разных занятий на улице","универсальность и ощущение качества","","позитив","VERSATILITY|ACTIVE_USE|QUALITY_CONSISTENCY","Удобны для охоты, походов и обычных прогулок.","точный пересказ на русском; исходный длинный текст не сохранён","подтверждённая","varFiFingerlessGloves","Повышенный: 5 отзывов взяты с одной карточки; это голоса, а не независимые рыночные замеры.","https://varusteleka.com/products/varusteleka-merinokynsikkaat-fi","официальная локальная карточка бренда","2026-09-15","FI-витрина использует общий международный пул отзывов; дата показана относительно, страна автора не указана."
"VOC-109","Перчатки из мериносовой шерсти","Varusteleka merinokynsikkäät","FI","5","4.84","44","5 месяцев назад","относительная","Согреть руки отдельно или тонким утепляющим слоем.","повседневный комфорт рук","удобны при носке","","позитив","SIZE_FIT","Хорошие и удобные в носке.","точный пересказ на русском; исходный длинный текст не сохранён","подтверждённая","varFiFingerlessGloves","Повышенный: 5 отзывов взяты с одной карточки; это голоса, а не независимые рыночные замеры.","https://varusteleka.com/products/varusteleka-merinokynsikkaat-fi","официальная локальная карточка бренда","2026-09-15","FI-витрина использует общий международный пул отзывов; дата показана относительно, страна автора не указана."
"VOC-110","Перчатки из мериносовой шерсти","Varusteleka merinokynsikkäät","FI","5","4.84","44","5 месяцев назад","относительная","Согреть руки отдельно или тонким утепляющим слоем.","замена проверенной любимой пары","повторная покупка подтверждает полезность","предыдущая пара со временем развалилась","смешанный","REPEAT_BUY|DURABILITY","Купил снова после износа любимой старой пары.","точный пересказ на русском; исходный длинный текст не сохранён","подтверждённая","varFiFingerlessGloves","Повышенный: 5 отзывов взяты с одной карточки; это голоса, а не независимые рыночные замеры.","https://varusteleka.com/products/varusteleka-merinokynsikkaat-fi","официальная локальная карточка бренда","2026-09-15","FI-витрина использует общий международный пул отзывов; дата показана относительно, страна автора не указана."
"VOC-111","Перчатки из мериносовой шерсти","Varusteleka merinokynsikkäät","FI","4","4.84","44","6 месяцев назад","относительная","Согреть руки отдельно или тонким утепляющим слоем.","не раскрыт","высокая общая оценка","","позитив","","Считает их очень удачными, без конкретных деталей.","точный пересказ на русском; исходный длинный текст не сохранён","подтверждённая","varFiFingerlessGloves","Повышенный: 5 отзывов взяты с одной карточки; это голоса, а не независимые рыночные замеры.","https://varusteleka.com/products/varusteleka-merinokynsikkaat-fi","официальная локальная карточка бренда","2026-09-15","FI-витрина использует общий международный пул отзывов; дата показана относительно, страна автора не указана."
"VOC-112","Шаль / палантин","Varusteleka iso neliöhuivi, merinovillaa","FI","5","4.82","34","4 дня назад","относительная","Укутать плечи в прохладу и носить аксессуар несколькими способами.","универсальный большой платок","максимальная общая оценка","","позитив","","Считает платок исключительно хорошим.","точный пересказ на русском; исходный длинный текст не сохранён","подтверждённая","varFiSquareScarf","Повышенный: 5 отзывов взяты с одной карточки; это голоса, а не независимые рыночные замеры.","https://varusteleka.com/products/varusteleka-iso-neliohuivi-merinovillaa-fi","официальная локальная карточка бренда","2026-09-15","FI-витрина использует общий международный пул отзывов; дата показана относительно, страна автора не указана."
"VOC-113","Шаль / палантин","Varusteleka iso neliöhuivi, merinovillaa","FI","3","4.82","34","1 месяц назад","относительная","Укутать плечи в прохладу и носить аксессуар несколькими способами.","редкий большой формат и подходящий цвет","размер и цвет соответствуют ожиданиям","эластичная фактура неприятна","смешанный","SIZE_FIT|COLOR_MATCH","Размер и цвет хороши, но ткань неприятно тянется.","точный пересказ на русском; исходный длинный текст не сохранён","подтверждённая","varFiSquareScarf","Повышенный: 5 отзывов взяты с одной карточки; это голоса, а не независимые рыночные замеры.","https://varusteleka.com/products/varusteleka-iso-neliohuivi-merinovillaa-fi","официальная локальная карточка бренда","2026-09-15","FI-витрина использует общий международный пул отзывов; дата показана относительно, страна автора не указана."
"VOC-114","Шаль / палантин","Varusteleka iso neliöhuivi, merinovillaa","FI","4","4.82","34","2 месяца назад","относительная","Укутать плечи в прохладу и носить аксессуар несколькими способами.","многофункциональный платок для походов","большая площадь и качество вязки","не держит груз как хлопковый платок","смешанный","SIZE_FIT|VERSATILITY|QUALITY_CONSISTENCY","Большой и качественно соткан, но эластичность ограничивает использование.","точный пересказ на русском; исходный длинный текст не сохранён","подтверждённая","varFiSquareScarf","Повышенный: 5 отзывов взяты с одной карточки; это голоса, а не независимые рыночные замеры.","https://varusteleka.com/products/varusteleka-iso-neliohuivi-merinovillaa-fi","официальная локальная карточка бренда","2026-09-15","FI-витрина использует общий международный пул отзывов; дата показана относительно, страна автора не указана."
"VOC-115","Шаль / палантин","Varusteleka iso neliöhuivi, merinovillaa","FI","5","4.82","34","5 месяцев назад","относительная","Укутать плечи в прохладу и носить аксессуар несколькими способами.","качество и большой формат","размер и качество исполнения","","позитив","SIZE_FIT|QUALITY_CONSISTENCY","Качественный и действительно большой.","точный пересказ на русском; исходный длинный текст не сохранён","подтверждённая","varFiSquareScarf","Повышенный: 5 отзывов взяты с одной карточки; это голоса, а не независимые рыночные замеры.","https://varusteleka.com/products/varusteleka-iso-neliohuivi-merinovillaa-fi","официальная локальная карточка бренда","2026-09-15","FI-витрина использует общий международный пул отзывов; дата показана относительно, страна автора не указана."
"VOC-116","Шаль / палантин","Varusteleka iso neliöhuivi, merinovillaa","FI","5","4.82","34","6 месяцев назад","относительная","Укутать плечи в прохладу и носить аксессуар несколькими способами.","универсальная экипировка для города и природы","долгая частая эксплуатация и сильная рекомендация","","позитив","VERSATILITY|ACTIVE_USE|DURABILITY","Подходит для трёх сезонов, города и походов; активно используется.","точный пересказ на русском; исходный длинный текст не сохранён","не указан","varFiSquareScarf","Повышенный: 5 отзывов взяты с одной карточки; это голоса, а не независимые рыночные замеры.","https://varusteleka.com/products/varusteleka-iso-neliohuivi-merinovillaa-fi","официальная локальная карточка бренда","2026-09-15","FI-витрина использует общий международный пул отзывов; дата показана относительно, страна автора не указана."
"VOC-117","Шерстяной шарф","Varusteleka merinokaulahuivi","FI","5","4.83","6","2 месяца назад","относительная","Согреть шею и дополнить верхнюю одежду без лишнего объёма.","плотное тепло для зимы","ощущается достаточно тёплым","летом слишком жаркий, зимний опыт пока отсутствует","смешанный","WARMTH|THICKNESS","Летом кажется жарким, поэтому ждёт зимнего теста.","точный пересказ на русском; исходный длинный текст не сохранён","подтверждённая","varFiNeckScarf","Повышенный: 5 отзывов взяты с одной карточки; это голоса, а не независимые рыночные замеры.","https://varusteleka.com/products/varusteleka-merinokaulahuivi-fi","официальная локальная карточка бренда","2026-09-15","FI-витрина использует общий международный пул отзывов; дата показана относительно, страна автора не указана; база карточки мала."
"VOC-118","Шерстяной шарф","Varusteleka merinokaulahuivi","FI","5","4.83","6","8 месяцев назад","относительная","Согреть шею и дополнить верхнюю одежду без лишнего объёма.","базовый зимний шарф","соответствует функциональному ожиданию","","позитив","","Просто работает по назначению.","точный пересказ на русском; исходный длинный текст не сохранён","подтверждённая","varFiNeckScarf","Повышенный: 5 отзывов взяты с одной карточки; это голоса, а не независимые рыночные замеры.","https://varusteleka.com/products/varusteleka-merinokaulahuivi-fi","официальная локальная карточка бренда","2026-09-15","FI-витрина использует общий международный пул отзывов; дата показана относительно, страна автора не указана; база карточки мала."
"VOC-119","Шерстяной шарф","Varusteleka merinokaulahuivi","FI","4","4.83","6","8 месяцев назад","относительная","Согреть шею и дополнить верхнюю одежду без лишнего объёма.","мягкий шарф для контакта с кожей","ожидается смягчение со временем","первичная шероховатость","смешанный","SOFTNESS","Сначала немного грубый, но должен смягчиться в носке.","точный пересказ на русском; исходный длинный текст не сохранён","подтверждённая","varFiNeckScarf","Повышенный: 5 отзывов взяты с одной карточки; это голоса, а не независимые рыночные замеры.","https://varusteleka.com/products/varusteleka-merinokaulahuivi-fi","официальная локальная карточка бренда","2026-09-15","FI-витрина использует общий международный пул отзывов; дата показана относительно, страна автора не указана; база карточки мала."
"VOC-120","Шерстяной шарф","Varusteleka merinokaulahuivi","FI","5","4.83","6","6 месяцев назад","относительная","Согреть шею и дополнить верхнюю одежду без лишнего объёма.","тактильный комфорт и защита от холода","мягкость и тепло","","позитив","SOFTNESS|WARMTH","Очень мягкий шарф заметно помогает в холод.","точный пересказ на русском; исходный длинный текст не сохранён","подтверждённая","varFiNeckScarf","Повышенный: 5 отзывов взяты с одной карточки; это голоса, а не независимые рыночные замеры.","https://varusteleka.com/products/varusteleka-merinokaulahuivi-fi","официальная локальная карточка бренда","2026-09-15","FI-витрина использует общий международный пул отзывов; дата показана относительно, страна автора не указана; база карточки мала."
"VOC-121","Шерстяной шарф","Varusteleka merinokaulahuivi","FI","5","4.83","6","7 месяцев назад","относительная","Согреть шею и дополнить верхнюю одежду без лишнего объёма.","комфорт, тепло и долговечность","приятный материал, тепло и прочность","можно было сделать немного длиннее","смешанный","SOFTNESS|WARMTH|DURABILITY|SIZE_SHORT","Приятный, тёплый и прочный; хотелось бы немного длиннее.","точный пересказ на русском; исходный длинный текст не сохранён","подтверждённая","varFiNeckScarf","Повышенный: 5 отзывов взяты с одной карточки; это голоса, а не независимые рыночные замеры.","https://varusteleka.com/products/varusteleka-merinokaulahuivi-fi","официальная локальная карточка бренда","2026-09-15","FI-витрина использует общий международный пул отзывов; дата показана относительно, страна автора не указана; база карточки мала."
"VOC-122","Плед из шерсти яка","MongulaiCOM 100% Yak Wool Blanket","DK","5","3","2","2025-04-15","точная","Получить лёгкое и очень тёплое укрытие для дивана или кровати.","редкое мягкое волокно с лучшей износостойкостью","мягкость близка к кашемиру, меньше пилинга","","позитив","SOFTNESS|PILLING|DURABILITY","Почти мягкость кашемира, меньше катышков и ощущение большей прочности.","точный пересказ на русском; исходный длинный текст не сохранён","не указан","etsyDkYak","Повышенный: 2 отзывов взяты с одной карточки; это голоса, а не независимые рыночные замеры.","https://www.etsy.com/uk/listing/1874285447/100-yak-wool-blanket","крупный маркетплейс, карточка с доставкой в Данию","2026-09-15","Рынок назначен по локализации доставки, а не по стране автора; всего два отзыва, явной отметки verified purchase нет."
"VOC-123","Плед из шерсти яка","MongulaiCOM 100% Yak Wool Blanket","DK","1","3","2","2025-05-01","точная","Получить лёгкое и очень тёплое укрытие для дивана или кровати.","полноразмерное покрывало по премиальной цене","качество сопоставимо с альтернативой","размер меньше описания и цена вдвое выше аналога","негатив","SIZE_SHORT|PREMIUM_PRICE|PRICE_VALUE|PHOTO_ACCURACY","Оказался меньше заявленного и вдвое дороже сопоставимого пледа.","точный пересказ на русском; исходный длинный текст не сохранён","не указан","etsyDkYak","Повышенный: 2 отзывов взяты с одной карточки; это голоса, а не независимые рыночные замеры.","https://www.etsy.com/uk/listing/1874285447/100-yak-wool-blanket","крупный маркетплейс, карточка с доставкой в Данию","2026-09-15","Рынок назначен по локализации доставки, а не по стране автора; всего два отзыва, явной отметки verified purchase нет."
"VOC-124","Плед из шерсти яка","HeritageWeaversINDIA Himalayan Yak Wool Meditation Blanket","FI","5","5","2","2024-09-14","точная","Получить лёгкое и очень тёплое укрытие для дивана или кровати.","натуральное шерстяное укрытие для медитации","як делает натуральную шерсть терпимой у кожи","шерстяной запах и лёгкая колкость","смешанный","NATURAL_FIBER|ODOR|LOW_ITCH","Настоящая шерсть пахнет и колется, но як снижает раздражение.","точный пересказ на русском; исходный длинный текст не сохранён","не указан","etsyFiYak","Повышенный: 2 отзывов взяты с одной карточки; это голоса, а не независимые рыночные замеры.","https://www.etsy.com/listing/1376954397/large-handwoven-handspun-thick-offwhite","крупный маркетплейс, карточка с доставкой в Финляндию","2026-09-15","Рынок назначен по локализации доставки, а не по стране автора; всего два отзыва, явной отметки verified purchase нет."
"VOC-125","Плед из шерсти яка","HeritageWeaversINDIA Himalayan Yak Wool Meditation Blanket","FI","5","5","2","2024-02-20","точная","Получить лёгкое и очень тёплое укрытие для дивана или кровати.","комфортное укрытие для практики медитации","внешний вид и комфорт","","позитив","INTERIOR|VERSATILITY","Красивый и удобный платок для медитации.","точный пересказ на русском; исходный длинный текст не сохранён","не указан","etsyFiYak","Повышенный: 2 отзывов взяты с одной карточки; это голоса, а не независимые рыночные замеры.","https://www.etsy.com/listing/1376954397/large-handwoven-handspun-thick-offwhite","крупный маркетплейс, карточка с доставкой в Финляндию","2026-09-15","Рынок назначен по локализации доставки, а не по стране автора; всего два отзыва, явной отметки verified purchase нет."
